V1;V2
1;PC
2;PC
3;PC
4;PC
5;PC
6;PC
7;PC
9;PC
10;PC
11;PC
14;PC
15;PC
16;PC
19;PC
20;PC
21;PC
22;PC
23;PC
24;PC
25;PC
28;PC
29;PC
30;PC
32;PC
33;PC
34;PC
36;PC
39;PC
42;PC
43;PC
45;PC
46;PC
47;PC
50;PC
52;PC
53;PC
54;PC
55;PC
60;PC
63;PC
64;PC
65;PC
67;PC
68;PC
70;PC
71;PC
72;PC
74;PC
75;PC
76;PC
78;PC
80;PC
82;PC
83;PC
84;PC
85;PC
86;PC
88;PC
90;PC
91;PC
93;PC
95;PC
96;PC
98;PC
99;PC
102;PC
103;PC
104;PC
105;PC
106;PC
107;PC
108;PC
109;PC
112;PC
115;PC
116;PC
117;PC
118;PC
119;PC
120;PC
122;PC
123;PC
124;PC
127;PC
129;PC
130;PC
131;PC
132;PC
133;PC
135;PC
138;PC
139;PC
141;PC
142;PC
143;PC
144;PC
145;PC
146;PC
149;PC
150;PC
152;PC
156;PC
157;PC
158;PC
160;PC
161;PC
162;PC
163;PC
164;PC
165;PC
168;PC
172;PC
174;PC
176;PC
177;PC
178;PC
180;PC
181;PC
183;PC
184;PC
185;PC
186;PC
189;PC
190;PC
192;PC
193;PC
194;PC
195;PC
196;PC
197;PC
198;PC
199;PC
200;PC
201;PC
202;PC
204;PC
205;PC
206;PC
207;PC
208;PC
210;PC
211;PC
214;PC
216;PC
217;PC
218;PC
219;PC
220;PC
223;PC
225;PC
226;PC
228;PC
230;PC
231;PC
232;PC
233;PC
235;PC
238;PC
240;PC
241;PC
244;PC
245;PC
246;PC
247;PC
251;PC
254;PC
255;PC
257;PC
258;PC
261;PC
263;PC
264;PC
266;PC
268;PC
269;PC
270;PC
271;PC
272;PC
273;PC
275;PC
277;PC
278;PC
279;PC
282;PC
283;PC
284;PC
285;PC
289;PC
291;PC
292;PC
293;PC
295;PC
297;PC
298;PC
299;PC
300;PC
301;PC
304;PC
305;PC
306;PC
308;PC
309;PC
310;PC
312;PC
313;PC
314;PC
316;PC
319;PC
324;PC
326;PC
327;PC
328;PC
329;PC
330;PC
331;PC
332;PC
334;PC
336;PC
338;PC
339;PC
341;PC
342;PC
344;PC
346;PC
347;PC
348;PC
351;PC
352;PC
353;PC
354;PC
355;PC
356;PC
357;PC
358;PC
359;PC
360;PC
361;PC
362;PC
366;PC
367;PC
368;PC
369;PC
374;PC
376;PC
377;PC
379;PC
380;PC
381;PC
382;PC
383;PC
385;PC
390;PC
391;PC
393;PC
394;PC
395;PC
396;PC
397;PC
399;PC
400;PC
401;PC
402;PC
403;PC
404;PC
406;PC
410;PC
411;PC
413;PC
415;PC
417;PC
419;PC
420;PC
421;PC
422;PC
424;PC
427;PC
428;PC
429;PC
430;PC
432;PC
433;PC
436;PC
437;PC
438;PC
441;PC
442;PC
443;PC
444;PC
445;PC
446;PC
447;PC
448;PC
449;PC
452;PC
453;PC
454;PC
456;PC
458;PC
459;PC
460;PC
462;PC
463;PC
464;PC
465;PC
467;PC
469;PC
472;PC
474;PC
475;PC
476;PC
478;PC
479;PC
480;PC
481;PC
483;PC
484;PC
485;PC
486;PC
488;PC
489;PC
490;PC
492;PC
493;PC
494;PC
496;PC
497;PC
498;PC
499;PC
500;PC
501;PC
502;PC
503;PC
504;PC
505;PC
508;PC
509;PC
510;PC
511;PC
512;PC
514;PC
516;PC
520;PC
522;PC
524;PC
529;PC
530;PC
531;PC
532;PC
534;PC
535;PC
536;PC
538;PC
539;PC
541;PC
542;PC
543;PC
544;PC
545;PC
547;PC
548;PC
549;PC
550;PC
553;PC
556;PC
558;PC
559;PC
560;PC
561;PC
562;PC
564;PC
566;PC
568;PC
569;PC
570;PC
573;PC
575;PC
576;PC
578;PC
580;PC
581;PC
583;PC
584;PC
585;PC
586;PC
588;PC
592;PC
593;PC
594;PC
595;PC
596;PC
597;PC
601;PC
604;PC
605;PC
606;PC
608;PC
609;PC
611;PC
612;PC
614;PC
615;PC
616;PC
617;PC
618;PC
619;PC
620;PC
622;PC
623;PC
626;PC
627;PC
629;PC
630;PC
632;PC
633;PC
634;PC
635;PC
637;PC
638;PC
640;PC
641;PC
645;PC
646;PC
647;PC
649;PC
650;PC
651;PC
653;PC
656;PC
657;PC
658;PC
660;PC
661;PC
662;PC
664;PC
665;PC
666;PC
667;PC
670;PC
671;PC
674;PC
676;PC
678;PC
680;PC
683;PC
684;PC
686;PC
689;PC
692;PC
694;PC
696;PC
697;PC
699;PC
701;PC
702;PC
705;PC
707;PC
708;PC
710;PC
711;PC
712;PC
715;PC
717;PC
718;PC
719;PC
720;PC
721;PC
722;PC
723;PC
724;PC
726;PC
727;PC
728;PC
729;PC
730;PC
731;PC
732;PC
733;PC
734;PC
735;PC
737;PC
738;PC
739;PC
741;PC
742;PC
743;PC
745;PC
747;PC
748;PC
750;PC
751;PC
752;PC
754;PC
755;PC
756;PC
757;PC
758;PC
759;PC
760;PC
761;PC
763;PC
764;PC
765;PC
766;PC
767;PC
769;PC
771;PC
773;PC
775;PC
777;PC
779;PC
780;PC
781;PC
784;PC
787;PC
788;PC
789;PC
790;PC
793;PC
794;PC
796;PC
797;PC
798;PC
801;PC
802;PC
803;PC
805;PC
807;PC
808;PC
809;PC
810;PC
811;PC
813;PC
815;PC
816;PC
818;PC
820;PC
824;PC
827;PC
829;PC
831;PC
832;PC
833;PC
834;PC
837;PC
838;PC
839;PC
840;PC
841;PC
845;PC
846;PC
847;PC
848;PC
849;PC
853;PC
854;PC
855;PC
857;PC
858;PC
859;PC
861;PC
862;PC
863;PC
866;PC
867;PC
868;PC
869;PC
870;PC
871;PC
872;PC
875;PC
876;PC
878;PC
880;PC
881;PC
882;PC
884;PC
885;PC
886;PC
887;PC
888;PC
889;PC
890;PC
892;PC
893;PC
894;PC
895;PC
896;PC
899;PC
900;PC
901;PC
904;PC
906;PC
908;PC
909;PC
910;PC
911;PC
912;PC
916;PC
917;PC
919;PC
920;PC
921;PC
922;PC
926;PC
927;PC
928;PC
929;PC
931;PC
933;PC
934;PC
935;PC
936;PC
937;PC
938;PC
939;PC
940;PC
941;PC
942;PC
943;PC
944;PC
945;PC
946;PC
947;PC
948;PC
949;PC
951;PC
952;PC
953;PC
957;PC
958;PC
959;PC
960;PC
962;PC
965;PC
966;PC
968;PC
971;PC
972;PC
973;PC
974;PC
975;PC
976;PC
977;PC
979;PC
981;PC
982;PC
983;PC
986;PC
989;PC
990;PC
991;PC
992;PC
993;PC
994;PC
995;PC
996;PC
997;PC
998;PC
999;PC
1003;PC
1005;PC
1008;PC
1009;PC
1010;PC
1013;PC
1015;PC
1016;PC
1017;PC
1019;PC
1022;PC
1023;PC
1024;PC
1025;PC
1026;PC
1028;PC
1029;PC
1030;PC
1031;PC
1032;PC
1033;PC
1034;PC
1035;PC
1036;PC
1037;PC
1038;PC
1041;PC
1042;PC
1046;PC
1048;PC
1052;PC
1053;PC
1055;PC
1056;PC
1057;PC
1062;PC
1065;PC
1066;PC
1067;PC
1068;PC
1071;PC
1073;PC
1075;PC
1077;PC
1079;PC
1080;PC
1081;PC
1082;PC
1083;PC
1084;PC
1086;PC
1088;PC
1089;PC
1090;PC
1092;PC
1096;PC
1097;PC
1098;PC
1100;PC
1101;PC
1102;PC
1103;PC
1104;PC
1107;PC
1108;PC
1109;PC
1110;PC
1111;PC
1112;PC
1113;PC
1114;PC
1115;PC
1117;PC
1118;PC
1120;PC
1121;PC
1122;PC
1123;PC
1125;PC
1126;PC
1127;PC
1128;PC
1130;PC
1131;PC
1133;PC
1135;PC
1137;PC
1138;PC
1139;PC
1140;PC
1141;PC
1142;PC
1144;PC
1145;PC
1146;PC
1147;PC
1148;PC
1149;PC
1150;PC
1154;PC
1155;PC
1157;PC
1159;PC
1161;PC
1162;PC
1163;PC
1164;PC
1166;PC
1168;PC
1169;PC
1170;PC
1171;PC
1174;PC
1175;PC
1176;PC
1179;PC
1180;PC
1182;PC
1183;PC
1185;PC
1186;PC
1187;PC
1188;PC
1190;PC
1191;PC
1192;PC
1193;PC
1195;PC
1198;PC
1199;PC
1200;PC
1201;PC
1203;PC
1204;PC
1205;PC
1206;PC
1208;PC
1209;PC
1211;PC
1212;PC
1213;PC
1214;PC
1216;PC
1218;PC
1219;PC
1221;PC
1222;PC
1223;PC
1227;PC
1229;PC
1230;PC
1232;PC
1235;PC
1236;PC
1237;PC
1238;PC
1239;PC
1241;PC
1246;PC
1247;PC
1248;PC
1250;PC
1251;PC
1253;PC
1255;PC
1259;PC
1260;PC
1261;PC
1263;PC
1264;PC
1265;PC
1266;PC
1267;PC
1268;PC
1269;PC
1270;PC
1272;PC
1273;PC
1274;PC
1275;PC
1277;PC
1278;PC
1280;PC
1281;PC
1284;PC
1286;PC
1288;PC
1289;PC
1291;PC
1292;PC
1293;PC
1294;PC
1295;PC
1296;PC
1297;PC
1298;PC
1299;PC
1300;PC
1301;PC
1302;PC
1303;PC
1304;PC
1305;PC
1306;PC
1307;PC
1308;PC
1309;PC
1310;PC
1312;PC
1313;PC
1314;PC
1315;PC
1316;PC
1317;PC
1318;PC
1319;PC
1320;PC
1322;PC
1324;PC
1325;PC
1328;PC
1331;PC
1332;PC
1334;PC
1337;PC
1338;PC
1339;PC
1340;PC
1342;PC
1343;PC
1345;PC
1346;PC
1347;PC
1348;PC
1350;PC
1351;PC
1352;PC
1353;PC
1354;PC
1355;PC
1356;PC
1357;PC
1358;PC
1359;PC
1360;PC
1361;PC
1362;PC
1365;PC
1366;PC
1368;PC
1369;PC
1371;PC
1373;PC
1374;PC
1375;PC
1377;PC
1378;PC
1380;PC
1382;PC
1387;PC
1391;PC
1392;PC
1394;PC
1396;PC
1397;PC
1398;PC
1399;PC
1402;PC
1403;PC
1404;PC
1405;PC
1406;PC
1407;PC
1408;PC
1409;PC
1410;PC
1411;PC
1412;PC
1415;PC
1416;PC
1418;PC
1420;PC
1423;PC
1426;PC
1427;PC
1428;PC
1429;PC
1431;PC
1432;PC
1433;PC
1435;PC
1437;PC
1438;PC
1439;PC
1441;PC
1442;PC
1444;PC
1445;PC
1446;PC
1447;PC
1448;PC
1451;PC
1452;PC
1453;PC
1454;PC
1455;PC
1456;PC
1457;PC
1462;PC
1463;PC
1464;PC
1465;PC
1466;PC
1467;PC
1468;PC
1469;PC
1471;PC
1472;PC
1473;PC
1474;PC
1475;PC
1476;PC
1477;PC
1478;PC
1479;PC
1480;PC
1481;PC
1484;PC
1486;PC
1487;PC
1488;PC
1489;PC
1490;PC
1493;PC
1495;PC
1499;PC
1500;PC
1501;PC
1503;PC
1504;PC
1505;PC
1506;PC
1508;PC
1509;PC
1511;PC
1512;PC
1514;PC
1515;PC
1516;PC
1518;PC
1519;PC
1521;PC
1523;PC
1524;PC
1525;PC
1526;PC
1528;PC
1529;PC
1530;PC
1533;PC
1534;PC
1535;PC
1537;PC
1538;PC
1539;PC
1540;PC
1541;PC
1543;PC
1545;PC
1546;PC
1547;PC
1548;PC
1549;PC
1550;PC
1552;PC
1553;PC
1555;PC
1556;PC
1558;PC
1560;PC
1561;PC
1562;PC
1563;PC
1564;PC
1566;PC
1567;PC
1569;PC
1573;PC
1574;PC
1575;PC
1576;PC
1577;PC
1578;PC
1579;PC
1580;PC
1582;PC
1583;PC
1584;PC
1586;PC
1588;PC
1589;PC
1590;PC
1591;PC
1592;PC
1593;PC
1594;PC
1595;PC
1597;PC
1598;PC
1599;PC
1600;PC
1601;PC
1602;PC
1603;PC
1604;PC
1605;PC
1606;PC
1608;PC
1610;PC
1613;PC
1614;PC
1615;PC
1616;PC
1619;PC
1621;PC
1622;PC
1624;PC
1625;PC
1626;PC
1628;PC
1629;PC
1630;PC
1631;PC
1633;PC
1634;PC
1639;PC
1640;PC
1641;PC
1643;PC
1644;PC
1645;PC
1646;PC
1647;PC
1649;PC
1650;PC
1651;PC
1652;PC
1653;PC
1655;PC
1657;PC
1658;PC
1659;PC
1660;PC
1662;PC
1664;PC
1665;PC
1667;PC
1668;PC
1669;PC
1670;PC
1671;PC
1672;PC
1673;PC
1676;PC
1679;PC
1683;PC
1686;PC
1688;PC
1689;PC
1690;PC
1691;PC
1693;PC
1694;PC
1695;PC
1696;PC
1697;PC
1698;PC
1699;PC
1700;PC
1701;PC
1702;PC
1703;PC
1704;PC
1706;PC
1707;PC
1708;PC
1709;PC
1710;PC
1712;PC
1713;PC
1714;PC
1717;PC
1719;PC
1720;PC
1721;PC
1722;PC
1723;PC
1724;PC
1725;PC
1727;PC
1730;PC
1731;PC
1732;PC
1735;PC
1736;PC
1737;PC
1739;PC
1740;PC
1742;PC
1743;PC
1745;PC
1746;PC
1747;PC
1749;PC
1750;PC
1752;PC
1754;PC
1755;PC
1756;PC
1757;PC
1758;PC
1759;PC
1762;PC
1765;PC
1766;PC
1769;PC
1770;PC
1771;PC
1773;PC
1775;PC
1776;PC
1777;PC
1778;PC
1780;PC
1781;PC
1782;PC
1784;PC
1785;PC
1787;PC
1788;PC
1789;PC
1790;PC
1791;PC
1792;PC
1793;PC
1795;PC
1799;PC
1800;PC
1801;PC
1802;PC
1804;PC
1806;PC
1807;PC
1808;PC
1811;PC
1812;PC
1814;PC
1815;PC
1816;PC
1817;PC
1818;PC
1820;PC
1821;PC
1822;PC
1824;PC
1825;PC
1826;PC
1829;PC
1830;PC
1832;PC
1833;PC
1834;PC
1835;PC
1836;PC
1838;PC
1839;PC
1840;PC
1841;PC
1842;PC
1844;PC
1845;PC
1846;PC
1847;PC
1848;PC
1849;PC
1854;PC
1857;PC
1858;PC
1859;PC
1860;PC
1861;PC
1862;PC
1863;PC
1864;PC
1866;PC
1867;PC
1868;PC
1870;PC
1872;PC
1873;PC
1874;PC
1875;PC
1876;PC
1877;PC
1879;PC
1880;PC
1881;PC
1882;PC
1884;PC
1885;PC
1887;PC
1888;PC
1889;PC
1890;PC
1891;PC
1892;PC
1893;PC
1894;PC
1895;PC
1897;PC
1898;PC
1899;PC
1900;PC
1902;PC
1903;PC
1904;PC
1905;PC
1906;PC
1908;PC
1909;PC
1910;PC
1911;PC
1912;PC
1913;PC
1916;PC
1917;PC
1918;PC
1919;PC
1920;PC
1922;PC
1923;PC
1924;PC
1927;PC
1928;PC
1929;PC
1930;PC
1932;PC
1933;PC
1934;PC
1935;PC
1936;PC
1937;PC
1938;PC
1939;PC
1940;PC
1941;PC
1944;PC
1945;PC
1946;PC
1947;PC
1948;PC
1949;PC
1950;PC
1951;PC
1953;PC
1954;PC
1955;PC
1956;PC
1960;PC
1961;PC
1965;PC
1966;PC
1967;PC
1968;PC
1969;PC
1974;PC
1975;PC
1976;PC
1979;PC
1980;PC
1981;PC
1982;PC
1984;PC
1985;PC
1986;PC
1987;PC
1990;PC
1992;PC
1993;PC
1994;PC
1995;PC
1996;PC
1997;PC
1998;PC
2000;PC
2001;PC
2002;PC
2003;PC
2005;PC
2006;PC
2009;PC
2010;PC
2011;PC
2012;PC
2013;PC
2014;PC
2015;PC
2017;PC
2018;PC
2019;PC
2020;PC
2021;PC
2022;PC
2023;PC
2024;PC
2025;PC
2027;PC
2029;PC
2030;PC
2031;PC
2032;PC
2033;PC
2034;PC
2036;PC
2037;PC
2038;PC
2039;PC
2041;PC
2043;PC
2044;PC
2045;PC
2047;PC
2048;PC
2053;PC
2054;PC
2055;PC
2060;PC
2061;PC
2062;PC
2063;PC
2064;PC
2066;PC
2067;PC
2068;PC
2069;PC
2070;PC
2072;PC
2074;PC
2075;PC
2078;PC
2079;PC
2080;PC
2081;PC
2082;PC
2083;PC
2085;PC
2086;PC
2089;PC
2090;PC
2091;PC
2092;PC
2093;PC
2094;PC
2096;PC
2097;PC
2098;PC
2100;PC
2101;PC
2103;PC
2106;PC
2109;PC
2111;PC
2115;PC
2117;PC
2118;PC
2119;PC
2120;PC
2121;PC
2122;PC
2123;PC
2128;PC
2129;PC
2130;PC
2133;PC
2134;PC
2135;PC
2137;PC
2138;PC
2139;PC
2140;PC
2142;PC
2143;PC
2144;PC
2146;PC
2147;PC
2148;PC
2149;PC
2150;PC
2153;PC
2154;PC
2155;PC
2157;PC
2159;PC
2160;PC
2163;PC
2164;PC
2165;PC
2166;PC
2167;PC
2168;PC
2169;PC
2170;PC
2172;PC
2173;PC
2174;PC
2175;PC
2176;PC
2177;PC
2178;PC
2179;PC
2180;PC
2184;PC
2185;PC
2187;PC
2188;PC
2189;PC
2190;PC
2191;PC
2192;PC
2193;PC
2194;PC
2196;PC
2197;PC
2198;PC
2199;PC
2201;PC
2204;PC
2205;PC
2206;PC
2207;PC
2208;PC
2210;PC
2212;PC
2213;PC
2215;PC
2216;PC
2217;PC
2219;PC
2220;PC
2221;PC
2222;PC
2224;PC
2225;PC
2226;PC
2227;PC
2228;PC
2229;PC
2230;PC
2231;PC
2233;PC
2234;PC
2237;PC
2238;PC
2239;PC
2240;PC
2241;PC
2243;PC
2244;PC
2245;PC
2247;PC
2250;PC
2253;PC
2255;PC
2256;PC
2257;PC
2258;PC
2260;PC
2261;PC
2262;PC
2263;PC
2264;PC
2265;PC
2267;PC
2269;PC
2270;PC
2273;PC
2274;PC
2275;PC
2276;PC
2277;PC
2278;PC
2279;PC
2280;PC
2281;PC
2282;PC
2285;PC
2286;PC
2287;PC
2288;PC
2289;PC
2292;PC
2294;PC
2295;PC
2297;PC
2298;PC
2299;PC
2302;PC
2303;PC
2306;PC
2308;PC
2310;PC
2311;PC
2312;PC
2315;PC
2316;PC
2322;PC
2323;PC
2324;PC
2325;PC
2326;PC
2327;PC
2329;PC
2330;PC
2331;PC
2332;PC
2333;PC
2334;PC
2335;PC
2336;PC
2338;PC
2339;PC
2341;PC
2342;PC
2343;PC
2344;PC
2345;PC
2346;PC
2347;PC
2348;PC
2350;PC
2353;PC
2354;PC
2355;PC
2356;PC
2358;PC
2359;PC
2360;PC
2361;PC
2362;PC
2365;PC
2368;PC
2369;PC
2371;PC
2372;PC
2375;PC
2376;PC
2377;PC
2379;PC
2381;PC
2383;PC
2384;PC
2386;PC
2387;PC
2388;PC
2389;PC
2394;PC
2396;PC
2398;PC
2399;PC
2400;PC
2402;PC
2403;PC
2405;PC
2406;PC
2407;PC
2408;PC
2409;PC
2411;PC
2412;PC
2414;PC
2415;PC
2416;PC
2418;PC
2419;PC
2420;PC
2421;PC
2423;PC
2424;PC
2425;PC
2427;PC
2428;PC
2429;PC
2430;PC
2431;PC
2432;PC
2435;PC
2436;PC
2437;PC
2438;PC
2439;PC
2440;PC
2442;PC
2443;PC
2444;PC
2446;PC
2447;PC
2448;PC
2449;PC
2450;PC
2452;PC
2453;PC
2454;PC
2455;PC
2456;PC
2457;PC
2459;PC
2461;PC
2462;PC
2463;PC
2466;PC
2467;PC
2468;PC
2470;PC
2471;PC
2472;PC
2474;PC
2477;PC
2482;PC
2483;PC
2486;PC
2487;PC
2489;PC
2491;PC
2493;PC
2494;PC
2496;PC
2498;PC
2499;PC
2500;PC
2501;PC
2502;PC
2503;PC
2504;PC
2506;PC
2507;PC
2508;PC
2509;PC
2511;PC
2516;PC
2521;PC
2522;PC
2524;PC
2525;PC
2527;PC
2531;PC
2532;PC
2533;PC
2534;PC
2535;PC
2536;PC
2537;PC
2538;PC
2539;PC
2540;PC
2541;PC
2542;PC
2544;PC
2545;PC
2546;PC
2547;PC
2550;PC
2552;PC
2554;PC
2556;PC
2557;PC
2559;PC
2561;PC
2562;PC
2563;PC
2564;PC
2566;PC
2568;PC
2570;PC
2571;PC
2572;PC
2574;PC
2575;PC
2576;PC
2577;PC
2578;PC
2579;PC
2580;PC
2581;PC
2582;PC
2583;PC
2586;PC
2587;PC
2588;PC
2590;PC
2591;PC
2592;PC
2593;PC
2596;PC
2598;PC
2599;PC
2600;PC
2601;PC
2602;PC
2605;PC
2606;PC
2607;PC
2609;PC
2613;PC
2614;PC
2615;PC
2616;PC
2617;PC
2618;PC
2619;PC
2620;PC
2621;PC
2623;PC
2624;PC
2626;PC
2627;PC
2629;PC
2630;PC
2632;PC
2633;PC
2634;PC
2635;PC
2637;PC
2639;PC
2640;PC
2643;PC
2644;PC
2645;PC
2646;PC
2648;PC
2649;PC
2650;PC
2651;PC
2652;PC
2654;PC
2656;PC
2658;PC
2659;PC
2660;PC
2662;PC
2663;PC
2664;PC
2665;PC
2666;PC
2669;PC
2670;PC
2671;PC
2672;PC
2673;PC
2674;PC
2675;PC
2676;PC
2678;PC
2679;PC
2680;PC
2681;PC
2686;PC
2687;PC
2688;PC
2690;PC
2691;PC
2692;PC
2693;PC
2694;PC
2695;PC
2698;PC
2699;PC
2700;PC
2701;PC
2702;PC
2703;PC
2707;PC
2712;PC
2713;PC
2714;PC
2715;PC
2716;PC
2717;PC
2718;PC
2719;PC
2720;PC
2721;PC
2722;PC
2723;PC
2724;PC
2727;PC
2729;PC
2730;PC
2731;PC
2732;PC
2733;PC
2734;PC
2736;PC
2737;PC
2738;PC
2739;PC
2742;PC
2743;PC
2745;PC
2746;PC
2747;PC
2748;PC
2750;PC
2751;PC
2752;PC
2753;PC
2754;PC
2755;PC
2756;PC
2759;PC
2760;PC
2761;PC
2763;PC
2764;PC
2768;PC
2769;PC
2771;PC
2773;PC
2774;PC
2776;PC
2777;PC
2778;PC
2781;PC
2782;PC
2783;PC
2785;PC
2786;PC
2787;PC
2790;PC
2791;PC
2792;PC
2793;PC
2795;PC
2796;PC
2797;PC
2798;PC
2799;PC
2802;PC
2803;PC
2805;PC
2806;PC
2808;PC
2809;PC
2810;PC
2812;PC
2813;PC
2814;PC
2816;PC
2817;PC
2818;PC
2819;PC
2820;PC
2821;PC
2823;PC
2825;PC
2826;PC
2829;PC
2830;PC
2831;PC
2833;PC
2834;PC
2835;PC
2837;PC
2838;PC
2839;PC
2840;PC
2841;PC
2842;PC
2843;PC
2844;PC
2845;PC
2846;PC
2850;PC
2851;PC
2852;PC
2853;PC
2854;PC
2856;PC
2859;PC
2864;PC
2865;PC
2866;PC
2867;PC
2868;PC
2869;PC
2871;PC
2873;PC
2874;PC
2875;PC
2876;PC
2878;PC
2879;PC
2880;PC
2881;PC
2882;PC
2884;PC
2885;PC
2887;PC
2888;PC
1;Notebook
3;Notebook
7;Notebook
13;Notebook
19;Notebook
24;Notebook
29;Notebook
32;Notebook
38;Notebook
48;Notebook
52;Notebook
54;Notebook
56;Notebook
66;Notebook
74;Notebook
75;Notebook
79;Notebook
80;Notebook
81;Notebook
83;Notebook
85;Notebook
89;Notebook
92;Notebook
93;Notebook
95;Notebook
98;Notebook
106;Notebook
108;Notebook
109;Notebook
114;Notebook
115;Notebook
127;Notebook
128;Notebook
130;Notebook
131;Notebook
141;Notebook
148;Notebook
158;Notebook
159;Notebook
162;Notebook
164;Notebook
166;Notebook
167;Notebook
168;Notebook
169;Notebook
171;Notebook
175;Notebook
179;Notebook
180;Notebook
184;Notebook
202;Notebook
216;Notebook
217;Notebook
222;Notebook
224;Notebook
237;Notebook
241;Notebook
247;Notebook
252;Notebook
255;Notebook
257;Notebook
262;Notebook
274;Notebook
280;Notebook
284;Notebook
285;Notebook
288;Notebook
291;Notebook
292;Notebook
293;Notebook
296;Notebook
297;Notebook
298;Notebook
301;Notebook
304;Notebook
305;Notebook
306;Notebook
309;Notebook
316;Notebook
317;Notebook
327;Notebook
333;Notebook
336;Notebook
361;Notebook
367;Notebook
374;Notebook
376;Notebook
380;Notebook
391;Notebook
398;Notebook
401;Notebook
417;Notebook
419;Notebook
422;Notebook
426;Notebook
429;Notebook
430;Notebook
438;Notebook
439;Notebook
444;Notebook
445;Notebook
451;Notebook
452;Notebook
461;Notebook
462;Notebook
463;Notebook
469;Notebook
472;Notebook
473;Notebook
478;Notebook
482;Notebook
485;Notebook
491;Notebook
492;Notebook
494;Notebook
498;Notebook
500;Notebook
503;Notebook
505;Notebook
511;Notebook
514;Notebook
515;Notebook
518;Notebook
520;Notebook
528;Notebook
532;Notebook
535;Notebook
538;Notebook
541;Notebook
542;Notebook
543;Notebook
546;Notebook
563;Notebook
564;Notebook
565;Notebook
567;Notebook
572;Notebook
575;Notebook
579;Notebook
586;Notebook
593;Notebook
594;Notebook
597;Notebook
602;Notebook
603;Notebook
604;Notebook
605;Notebook
613;Notebook
620;Notebook
628;Notebook
634;Notebook
637;Notebook
641;Notebook
647;Notebook
651;Notebook
652;Notebook
656;Notebook
661;Notebook
667;Notebook
668;Notebook
669;Notebook
672;Notebook
675;Notebook
676;Notebook
677;Notebook
685;Notebook
698;Notebook
700;Notebook
701;Notebook
703;Notebook
704;Notebook
708;Notebook
713;Notebook
716;Notebook
717;Notebook
722;Notebook
725;Notebook
726;Notebook
727;Notebook
738;Notebook
743;Notebook
750;Notebook
754;Notebook
762;Notebook
766;Notebook
770;Notebook
772;Notebook
774;Notebook
775;Notebook
780;Notebook
787;Notebook
788;Notebook
791;Notebook
800;Notebook
803;Notebook
806;Notebook
807;Notebook
811;Notebook
820;Notebook
821;Notebook
822;Notebook
833;Notebook
836;Notebook
837;Notebook
839;Notebook
840;Notebook
848;Notebook
850;Notebook
851;Notebook
863;Notebook
864;Notebook
868;Notebook
869;Notebook
872;Notebook
873;Notebook
883;Notebook
888;Notebook
890;Notebook
892;Notebook
894;Notebook
907;Notebook
920;Notebook
925;Notebook
929;Notebook
931;Notebook
935;Notebook
937;Notebook
941;Notebook
945;Notebook
949;Notebook
950;Notebook
951;Notebook
954;Notebook
955;Notebook
956;Notebook
957;Notebook
962;Notebook
969;Notebook
978;Notebook
980;Notebook
982;Notebook
984;Notebook
994;Notebook
995;Notebook
996;Notebook
1001;Notebook
1002;Notebook
1009;Notebook
1010;Notebook
1012;Notebook
1016;Notebook
1017;Notebook
1019;Notebook
1025;Notebook
1027;Notebook
1039;Notebook
1044;Notebook
1049;Notebook
1051;Notebook
1057;Notebook
1058;Notebook
1060;Notebook
1061;Notebook
1062;Notebook
1068;Notebook
1070;Notebook
1072;Notebook
1073;Notebook
1074;Notebook
1080;Notebook
1082;Notebook
1084;Notebook
1091;Notebook
1093;Notebook
1096;Notebook
1111;Notebook
1113;Notebook
1114;Notebook
1118;Notebook
1119;Notebook
1120;Notebook
1122;Notebook
1126;Notebook
1131;Notebook
1135;Notebook
1137;Notebook
1139;Notebook
1141;Notebook
1144;Notebook
1145;Notebook
1148;Notebook
1150;Notebook
1159;Notebook
1160;Notebook
1161;Notebook
1162;Notebook
1166;Notebook
1168;Notebook
1169;Notebook
1170;Notebook
1171;Notebook
1178;Notebook
1182;Notebook
1184;Notebook
1186;Notebook
1196;Notebook
1197;Notebook
1199;Notebook
1201;Notebook
1210;Notebook
1215;Notebook
1220;Notebook
1230;Notebook
1232;Notebook
1233;Notebook
1237;Notebook
1241;Notebook
1247;Notebook
1258;Notebook
1261;Notebook
1262;Notebook
1263;Notebook
1265;Notebook
1271;Notebook
1284;Notebook
1285;Notebook
1289;Notebook
1296;Notebook
1303;Notebook
1304;Notebook
1308;Notebook
1311;Notebook
1314;Notebook
1319;Notebook
1327;Notebook
1332;Notebook
1341;Notebook
1342;Notebook
1344;Notebook
1353;Notebook
1363;Notebook
1364;Notebook
1368;Notebook
1372;Notebook
1373;Notebook
1376;Notebook
1378;Notebook
1379;Notebook
1380;Notebook
1386;Notebook
1387;Notebook
1388;Notebook
1389;Notebook
1398;Notebook
1404;Notebook
1410;Notebook
1412;Notebook
1414;Notebook
1419;Notebook
1422;Notebook
1423;Notebook
1427;Notebook
1436;Notebook
1438;Notebook
1443;Notebook
1444;Notebook
1449;Notebook
1452;Notebook
1457;Notebook
1462;Notebook
1469;Notebook
1472;Notebook
1477;Notebook
1478;Notebook
1484;Notebook
1485;Notebook
1487;Notebook
1490;Notebook
1491;Notebook
1494;Notebook
1500;Notebook
1510;Notebook
1512;Notebook
1515;Notebook
1517;Notebook
1518;Notebook
1527;Notebook
1535;Notebook
1539;Notebook
1542;Notebook
1543;Notebook
1546;Notebook
1559;Notebook
1562;Notebook
1564;Notebook
1566;Notebook
1567;Notebook
1569;Notebook
1570;Notebook
1575;Notebook
1580;Notebook
1585;Notebook
1590;Notebook
1596;Notebook
1598;Notebook
1608;Notebook
1609;Notebook
1613;Notebook
1615;Notebook
1618;Notebook
1619;Notebook
1620;Notebook
1622;Notebook
1624;Notebook
1633;Notebook
1644;Notebook
1645;Notebook
1646;Notebook
1658;Notebook
1659;Notebook
1661;Notebook
1663;Notebook
1667;Notebook
1671;Notebook
1674;Notebook
1684;Notebook
1687;Notebook
1689;Notebook
1691;Notebook
1699;Notebook
1700;Notebook
1701;Notebook
1711;Notebook
1714;Notebook
1716;Notebook
1720;Notebook
1721;Notebook
1724;Notebook
1725;Notebook
1726;Notebook
1729;Notebook
1731;Notebook
1732;Notebook
1737;Notebook
1742;Notebook
1743;Notebook
1746;Notebook
1747;Notebook
1749;Notebook
1751;Notebook
1752;Notebook
1757;Notebook
1761;Notebook
1764;Notebook
1768;Notebook
1770;Notebook
1775;Notebook
1778;Notebook
1780;Notebook
1781;Notebook
1783;Notebook
1785;Notebook
1788;Notebook
1791;Notebook
1793;Notebook
1794;Notebook
1795;Notebook
1798;Notebook
1808;Notebook
1809;Notebook
1812;Notebook
1814;Notebook
1816;Notebook
1819;Notebook
1828;Notebook
1829;Notebook
1831;Notebook
1836;Notebook
1837;Notebook
1838;Notebook
1841;Notebook
1843;Notebook
1846;Notebook
1851;Notebook
1853;Notebook
1855;Notebook
1856;Notebook
1857;Notebook
1867;Notebook
1869;Notebook
1872;Notebook
1881;Notebook
1884;Notebook
1886;Notebook
1901;Notebook
1909;Notebook
1914;Notebook
1926;Notebook
1929;Notebook
1931;Notebook
1932;Notebook
1939;Notebook
1945;Notebook
1946;Notebook
1950;Notebook
1956;Notebook
1958;Notebook
1961;Notebook
1962;Notebook
1970;Notebook
1979;Notebook
1985;Notebook
1986;Notebook
1989;Notebook
1990;Notebook
1995;Notebook
1998;Notebook
1999;Notebook
2004;Notebook
2006;Notebook
2008;Notebook
2010;Notebook
2016;Notebook
2024;Notebook
2025;Notebook
2028;Notebook
2038;Notebook
2043;Notebook
2049;Notebook
2051;Notebook
2057;Notebook
2062;Notebook
2063;Notebook
2066;Notebook
2069;Notebook
2073;Notebook
2077;Notebook
2092;Notebook
2093;Notebook
2095;Notebook
2098;Notebook
2103;Notebook
2107;Notebook
2119;Notebook
2137;Notebook
2144;Notebook
2145;Notebook
2149;Notebook
2153;Notebook
2159;Notebook
2161;Notebook
2165;Notebook
2174;Notebook
2176;Notebook
2180;Notebook
2182;Notebook
2183;Notebook
2185;Notebook
2186;Notebook
2189;Notebook
2200;Notebook
2204;Notebook
2207;Notebook
2209;Notebook
2216;Notebook
2223;Notebook
2235;Notebook
2237;Notebook
2238;Notebook
2240;Notebook
2245;Notebook
2246;Notebook
2247;Notebook
2250;Notebook
2251;Notebook
2257;Notebook
2266;Notebook
2268;Notebook
2271;Notebook
2272;Notebook
2275;Notebook
2290;Notebook
2291;Notebook
2292;Notebook
2293;Notebook
2296;Notebook
2297;Notebook
2300;Notebook
2302;Notebook
2304;Notebook
2313;Notebook
2317;Notebook
2329;Notebook
2330;Notebook
2335;Notebook
2346;Notebook
2351;Notebook
2355;Notebook
2362;Notebook
2379;Notebook
2385;Notebook
2386;Notebook
2387;Notebook
2388;Notebook
2397;Notebook
2404;Notebook
2408;Notebook
2410;Notebook
2412;Notebook
2413;Notebook
2414;Notebook
2415;Notebook
2416;Notebook
2432;Notebook
2433;Notebook
2439;Notebook
2442;Notebook
2443;Notebook
2445;Notebook
2449;Notebook
2452;Notebook
2456;Notebook
2460;Notebook
2461;Notebook
2469;Notebook
2476;Notebook
2477;Notebook
2479;Notebook
2482;Notebook
2489;Notebook
2493;Notebook
2499;Notebook
2501;Notebook
2503;Notebook
2509;Notebook
2514;Notebook
2518;Notebook
2520;Notebook
2525;Notebook
2529;Notebook
2532;Notebook
2541;Notebook
2543;Notebook
2544;Notebook
2545;Notebook
2553;Notebook
2554;Notebook
2556;Notebook
2557;Notebook
2559;Notebook
2565;Notebook
2566;Notebook
2570;Notebook
2571;Notebook
2576;Notebook
2578;Notebook
2585;Notebook
2589;Notebook
2592;Notebook
2594;Notebook
2597;Notebook
2601;Notebook
2605;Notebook
2612;Notebook
2616;Notebook
2629;Notebook
2638;Notebook
2639;Notebook
2647;Notebook
2649;Notebook
2650;Notebook
2653;Notebook
2654;Notebook
2657;Notebook
2662;Notebook
2664;Notebook
2668;Notebook
2669;Notebook
2675;Notebook
2677;Notebook
2679;Notebook
2680;Notebook
2681;Notebook
2685;Notebook
2687;Notebook
2688;Notebook
2689;Notebook
2692;Notebook
2695;Notebook
2696;Notebook
2699;Notebook
2700;Notebook
2704;Notebook
2707;Notebook
2719;Notebook
2721;Notebook
2723;Notebook
2726;Notebook
2732;Notebook
2737;Notebook
2741;Notebook
2749;Notebook
2753;Notebook
2755;Notebook
2756;Notebook
2757;Notebook
2765;Notebook
2767;Notebook
2784;Notebook
2791;Notebook
2800;Notebook
2801;Notebook
2803;Notebook
2805;Notebook
2806;Notebook
2809;Notebook
2819;Notebook
2824;Notebook
2825;Notebook
2826;Notebook
2829;Notebook
2834;Notebook
2841;Notebook
2842;Notebook
2854;Notebook
2856;Notebook
2860;Notebook
2862;Notebook
2865;Notebook
2868;Notebook
2870;Notebook
2887;Notebook
