"V1","V2"
"1","pocitacANO"
"2","pocitacANO"
"3","pocitacANO"
"4","pocitacANO"
"5","pocitacANO"
"6","pocitacANO"
"7","pocitacANO"
"9","pocitacANO"
"10","pocitacANO"
"11","pocitacANO"
"14","pocitacANO"
"15","pocitacANO"
"16","pocitacANO"
"19","pocitacANO"
"20","pocitacANO"
"21","pocitacANO"
"22","pocitacANO"
"23","pocitacANO"
"24","pocitacANO"
"25","pocitacANO"
"28","pocitacANO"
"29","pocitacANO"
"30","pocitacANO"
"32","pocitacANO"
"33","pocitacANO"
"34","pocitacANO"
"36","pocitacANO"
"39","pocitacANO"
"42","pocitacANO"
"43","pocitacANO"
"45","pocitacANO"
"46","pocitacANO"
"47","pocitacANO"
"50","pocitacANO"
"52","pocitacANO"
"53","pocitacANO"
"54","pocitacANO"
"55","pocitacANO"
"60","pocitacANO"
"63","pocitacANO"
"64","pocitacANO"
"65","pocitacANO"
"67","pocitacANO"
"68","pocitacANO"
"70","pocitacANO"
"71","pocitacANO"
"72","pocitacANO"
"74","pocitacANO"
"75","pocitacANO"
"76","pocitacANO"
"78","pocitacANO"
"80","pocitacANO"
"82","pocitacANO"
"83","pocitacANO"
"84","pocitacANO"
"85","pocitacANO"
"86","pocitacANO"
"88","pocitacANO"
"90","pocitacANO"
"91","pocitacANO"
"93","pocitacANO"
"95","pocitacANO"
"96","pocitacANO"
"98","pocitacANO"
"99","pocitacANO"
"102","pocitacANO"
"103","pocitacANO"
"104","pocitacANO"
"105","pocitacANO"
"106","pocitacANO"
"107","pocitacANO"
"108","pocitacANO"
"109","pocitacANO"
"112","pocitacANO"
"115","pocitacANO"
"116","pocitacANO"
"117","pocitacANO"
"118","pocitacANO"
"119","pocitacANO"
"120","pocitacANO"
"122","pocitacANO"
"123","pocitacANO"
"124","pocitacANO"
"127","pocitacANO"
"129","pocitacANO"
"130","pocitacANO"
"131","pocitacANO"
"132","pocitacANO"
"133","pocitacANO"
"135","pocitacANO"
"138","pocitacANO"
"139","pocitacANO"
"141","pocitacANO"
"142","pocitacANO"
"143","pocitacANO"
"144","pocitacANO"
"145","pocitacANO"
"146","pocitacANO"
"149","pocitacANO"
"150","pocitacANO"
"152","pocitacANO"
"156","pocitacANO"
"157","pocitacANO"
"158","pocitacANO"
"160","pocitacANO"
"161","pocitacANO"
"162","pocitacANO"
"163","pocitacANO"
"164","pocitacANO"
"165","pocitacANO"
"168","pocitacANO"
"172","pocitacANO"
"174","pocitacANO"
"176","pocitacANO"
"177","pocitacANO"
"178","pocitacANO"
"180","pocitacANO"
"181","pocitacANO"
"183","pocitacANO"
"184","pocitacANO"
"185","pocitacANO"
"186","pocitacANO"
"189","pocitacANO"
"190","pocitacANO"
"192","pocitacANO"
"193","pocitacANO"
"194","pocitacANO"
"195","pocitacANO"
"196","pocitacANO"
"197","pocitacANO"
"198","pocitacANO"
"199","pocitacANO"
"200","pocitacANO"
"201","pocitacANO"
"202","pocitacANO"
"204","pocitacANO"
"205","pocitacANO"
"206","pocitacANO"
"207","pocitacANO"
"208","pocitacANO"
"210","pocitacANO"
"211","pocitacANO"
"214","pocitacANO"
"216","pocitacANO"
"217","pocitacANO"
"218","pocitacANO"
"219","pocitacANO"
"220","pocitacANO"
"223","pocitacANO"
"225","pocitacANO"
"226","pocitacANO"
"228","pocitacANO"
"230","pocitacANO"
"231","pocitacANO"
"232","pocitacANO"
"233","pocitacANO"
"235","pocitacANO"
"238","pocitacANO"
"240","pocitacANO"
"241","pocitacANO"
"244","pocitacANO"
"245","pocitacANO"
"246","pocitacANO"
"247","pocitacANO"
"251","pocitacANO"
"254","pocitacANO"
"255","pocitacANO"
"257","pocitacANO"
"258","pocitacANO"
"261","pocitacANO"
"263","pocitacANO"
"264","pocitacANO"
"266","pocitacANO"
"268","pocitacANO"
"269","pocitacANO"
"270","pocitacANO"
"271","pocitacANO"
"272","pocitacANO"
"273","pocitacANO"
"275","pocitacANO"
"277","pocitacANO"
"278","pocitacANO"
"279","pocitacANO"
"282","pocitacANO"
"283","pocitacANO"
"284","pocitacANO"
"285","pocitacANO"
"289","pocitacANO"
"291","pocitacANO"
"292","pocitacANO"
"293","pocitacANO"
"295","pocitacANO"
"297","pocitacANO"
"298","pocitacANO"
"299","pocitacANO"
"300","pocitacANO"
"301","pocitacANO"
"304","pocitacANO"
"305","pocitacANO"
"306","pocitacANO"
"308","pocitacANO"
"309","pocitacANO"
"310","pocitacANO"
"312","pocitacANO"
"313","pocitacANO"
"314","pocitacANO"
"316","pocitacANO"
"319","pocitacANO"
"324","pocitacANO"
"326","pocitacANO"
"327","pocitacANO"
"328","pocitacANO"
"329","pocitacANO"
"330","pocitacANO"
"331","pocitacANO"
"332","pocitacANO"
"334","pocitacANO"
"336","pocitacANO"
"338","pocitacANO"
"339","pocitacANO"
"341","pocitacANO"
"342","pocitacANO"
"344","pocitacANO"
"346","pocitacANO"
"347","pocitacANO"
"348","pocitacANO"
"351","pocitacANO"
"352","pocitacANO"
"353","pocitacANO"
"354","pocitacANO"
"355","pocitacANO"
"356","pocitacANO"
"357","pocitacANO"
"358","pocitacANO"
"359","pocitacANO"
"360","pocitacANO"
"361","pocitacANO"
"362","pocitacANO"
"366","pocitacANO"
"367","pocitacANO"
"368","pocitacANO"
"369","pocitacANO"
"374","pocitacANO"
"376","pocitacANO"
"377","pocitacANO"
"379","pocitacANO"
"380","pocitacANO"
"381","pocitacANO"
"382","pocitacANO"
"383","pocitacANO"
"385","pocitacANO"
"390","pocitacANO"
"391","pocitacANO"
"393","pocitacANO"
"394","pocitacANO"
"395","pocitacANO"
"396","pocitacANO"
"397","pocitacANO"
"399","pocitacANO"
"400","pocitacANO"
"401","pocitacANO"
"402","pocitacANO"
"403","pocitacANO"
"404","pocitacANO"
"406","pocitacANO"
"410","pocitacANO"
"411","pocitacANO"
"413","pocitacANO"
"415","pocitacANO"
"417","pocitacANO"
"419","pocitacANO"
"420","pocitacANO"
"421","pocitacANO"
"422","pocitacANO"
"424","pocitacANO"
"427","pocitacANO"
"428","pocitacANO"
"429","pocitacANO"
"430","pocitacANO"
"432","pocitacANO"
"433","pocitacANO"
"436","pocitacANO"
"437","pocitacANO"
"438","pocitacANO"
"441","pocitacANO"
"442","pocitacANO"
"443","pocitacANO"
"444","pocitacANO"
"445","pocitacANO"
"446","pocitacANO"
"447","pocitacANO"
"448","pocitacANO"
"449","pocitacANO"
"452","pocitacANO"
"453","pocitacANO"
"454","pocitacANO"
"456","pocitacANO"
"458","pocitacANO"
"459","pocitacANO"
"460","pocitacANO"
"462","pocitacANO"
"463","pocitacANO"
"464","pocitacANO"
"465","pocitacANO"
"467","pocitacANO"
"469","pocitacANO"
"472","pocitacANO"
"474","pocitacANO"
"475","pocitacANO"
"476","pocitacANO"
"478","pocitacANO"
"479","pocitacANO"
"480","pocitacANO"
"481","pocitacANO"
"483","pocitacANO"
"484","pocitacANO"
"485","pocitacANO"
"486","pocitacANO"
"488","pocitacANO"
"489","pocitacANO"
"490","pocitacANO"
"492","pocitacANO"
"493","pocitacANO"
"494","pocitacANO"
"496","pocitacANO"
"497","pocitacANO"
"498","pocitacANO"
"499","pocitacANO"
"500","pocitacANO"
"501","pocitacANO"
"502","pocitacANO"
"503","pocitacANO"
"504","pocitacANO"
"505","pocitacANO"
"508","pocitacANO"
"509","pocitacANO"
"510","pocitacANO"
"511","pocitacANO"
"512","pocitacANO"
"514","pocitacANO"
"516","pocitacANO"
"520","pocitacANO"
"522","pocitacANO"
"524","pocitacANO"
"529","pocitacANO"
"530","pocitacANO"
"531","pocitacANO"
"532","pocitacANO"
"534","pocitacANO"
"535","pocitacANO"
"536","pocitacANO"
"538","pocitacANO"
"539","pocitacANO"
"541","pocitacANO"
"542","pocitacANO"
"543","pocitacANO"
"544","pocitacANO"
"545","pocitacANO"
"547","pocitacANO"
"548","pocitacANO"
"549","pocitacANO"
"550","pocitacANO"
"553","pocitacANO"
"556","pocitacANO"
"558","pocitacANO"
"559","pocitacANO"
"560","pocitacANO"
"561","pocitacANO"
"562","pocitacANO"
"564","pocitacANO"
"566","pocitacANO"
"568","pocitacANO"
"569","pocitacANO"
"570","pocitacANO"
"573","pocitacANO"
"575","pocitacANO"
"576","pocitacANO"
"578","pocitacANO"
"580","pocitacANO"
"581","pocitacANO"
"583","pocitacANO"
"584","pocitacANO"
"585","pocitacANO"
"586","pocitacANO"
"588","pocitacANO"
"592","pocitacANO"
"593","pocitacANO"
"594","pocitacANO"
"595","pocitacANO"
"596","pocitacANO"
"597","pocitacANO"
"601","pocitacANO"
"604","pocitacANO"
"605","pocitacANO"
"606","pocitacANO"
"608","pocitacANO"
"609","pocitacANO"
"611","pocitacANO"
"612","pocitacANO"
"614","pocitacANO"
"615","pocitacANO"
"616","pocitacANO"
"617","pocitacANO"
"618","pocitacANO"
"619","pocitacANO"
"620","pocitacANO"
"622","pocitacANO"
"623","pocitacANO"
"626","pocitacANO"
"627","pocitacANO"
"629","pocitacANO"
"630","pocitacANO"
"632","pocitacANO"
"633","pocitacANO"
"634","pocitacANO"
"635","pocitacANO"
"637","pocitacANO"
"638","pocitacANO"
"640","pocitacANO"
"641","pocitacANO"
"645","pocitacANO"
"646","pocitacANO"
"647","pocitacANO"
"649","pocitacANO"
"650","pocitacANO"
"651","pocitacANO"
"653","pocitacANO"
"656","pocitacANO"
"657","pocitacANO"
"658","pocitacANO"
"660","pocitacANO"
"661","pocitacANO"
"662","pocitacANO"
"664","pocitacANO"
"665","pocitacANO"
"666","pocitacANO"
"667","pocitacANO"
"670","pocitacANO"
"671","pocitacANO"
"674","pocitacANO"
"676","pocitacANO"
"678","pocitacANO"
"680","pocitacANO"
"683","pocitacANO"
"684","pocitacANO"
"686","pocitacANO"
"689","pocitacANO"
"692","pocitacANO"
"694","pocitacANO"
"696","pocitacANO"
"697","pocitacANO"
"699","pocitacANO"
"701","pocitacANO"
"702","pocitacANO"
"705","pocitacANO"
"707","pocitacANO"
"708","pocitacANO"
"710","pocitacANO"
"711","pocitacANO"
"712","pocitacANO"
"715","pocitacANO"
"717","pocitacANO"
"718","pocitacANO"
"719","pocitacANO"
"720","pocitacANO"
"721","pocitacANO"
"722","pocitacANO"
"723","pocitacANO"
"724","pocitacANO"
"726","pocitacANO"
"727","pocitacANO"
"728","pocitacANO"
"729","pocitacANO"
"730","pocitacANO"
"731","pocitacANO"
"732","pocitacANO"
"733","pocitacANO"
"734","pocitacANO"
"735","pocitacANO"
"737","pocitacANO"
"738","pocitacANO"
"739","pocitacANO"
"741","pocitacANO"
"742","pocitacANO"
"743","pocitacANO"
"745","pocitacANO"
"747","pocitacANO"
"748","pocitacANO"
"750","pocitacANO"
"751","pocitacANO"
"752","pocitacANO"
"754","pocitacANO"
"755","pocitacANO"
"756","pocitacANO"
"757","pocitacANO"
"758","pocitacANO"
"759","pocitacANO"
"760","pocitacANO"
"761","pocitacANO"
"763","pocitacANO"
"764","pocitacANO"
"765","pocitacANO"
"766","pocitacANO"
"767","pocitacANO"
"769","pocitacANO"
"771","pocitacANO"
"773","pocitacANO"
"775","pocitacANO"
"777","pocitacANO"
"779","pocitacANO"
"780","pocitacANO"
"781","pocitacANO"
"784","pocitacANO"
"787","pocitacANO"
"788","pocitacANO"
"789","pocitacANO"
"790","pocitacANO"
"793","pocitacANO"
"794","pocitacANO"
"796","pocitacANO"
"797","pocitacANO"
"798","pocitacANO"
"801","pocitacANO"
"802","pocitacANO"
"803","pocitacANO"
"805","pocitacANO"
"807","pocitacANO"
"808","pocitacANO"
"809","pocitacANO"
"810","pocitacANO"
"811","pocitacANO"
"813","pocitacANO"
"815","pocitacANO"
"816","pocitacANO"
"818","pocitacANO"
"820","pocitacANO"
"824","pocitacANO"
"827","pocitacANO"
"829","pocitacANO"
"831","pocitacANO"
"832","pocitacANO"
"833","pocitacANO"
"834","pocitacANO"
"837","pocitacANO"
"838","pocitacANO"
"839","pocitacANO"
"840","pocitacANO"
"841","pocitacANO"
"845","pocitacANO"
"846","pocitacANO"
"847","pocitacANO"
"848","pocitacANO"
"849","pocitacANO"
"853","pocitacANO"
"854","pocitacANO"
"855","pocitacANO"
"857","pocitacANO"
"858","pocitacANO"
"859","pocitacANO"
"861","pocitacANO"
"862","pocitacANO"
"863","pocitacANO"
"866","pocitacANO"
"867","pocitacANO"
"868","pocitacANO"
"869","pocitacANO"
"870","pocitacANO"
"871","pocitacANO"
"872","pocitacANO"
"875","pocitacANO"
"876","pocitacANO"
"878","pocitacANO"
"880","pocitacANO"
"881","pocitacANO"
"882","pocitacANO"
"884","pocitacANO"
"885","pocitacANO"
"886","pocitacANO"
"887","pocitacANO"
"888","pocitacANO"
"889","pocitacANO"
"890","pocitacANO"
"892","pocitacANO"
"893","pocitacANO"
"894","pocitacANO"
"895","pocitacANO"
"896","pocitacANO"
"899","pocitacANO"
"900","pocitacANO"
"901","pocitacANO"
"904","pocitacANO"
"906","pocitacANO"
"908","pocitacANO"
"909","pocitacANO"
"910","pocitacANO"
"911","pocitacANO"
"912","pocitacANO"
"916","pocitacANO"
"917","pocitacANO"
"919","pocitacANO"
"920","pocitacANO"
"921","pocitacANO"
"922","pocitacANO"
"926","pocitacANO"
"927","pocitacANO"
"928","pocitacANO"
"929","pocitacANO"
"931","pocitacANO"
"933","pocitacANO"
"934","pocitacANO"
"935","pocitacANO"
"936","pocitacANO"
"937","pocitacANO"
"938","pocitacANO"
"939","pocitacANO"
"940","pocitacANO"
"941","pocitacANO"
"942","pocitacANO"
"943","pocitacANO"
"944","pocitacANO"
"945","pocitacANO"
"946","pocitacANO"
"947","pocitacANO"
"948","pocitacANO"
"949","pocitacANO"
"951","pocitacANO"
"952","pocitacANO"
"953","pocitacANO"
"957","pocitacANO"
"958","pocitacANO"
"959","pocitacANO"
"960","pocitacANO"
"962","pocitacANO"
"965","pocitacANO"
"966","pocitacANO"
"968","pocitacANO"
"971","pocitacANO"
"972","pocitacANO"
"973","pocitacANO"
"974","pocitacANO"
"975","pocitacANO"
"976","pocitacANO"
"977","pocitacANO"
"979","pocitacANO"
"981","pocitacANO"
"982","pocitacANO"
"983","pocitacANO"
"986","pocitacANO"
"989","pocitacANO"
"990","pocitacANO"
"991","pocitacANO"
"992","pocitacANO"
"993","pocitacANO"
"994","pocitacANO"
"995","pocitacANO"
"996","pocitacANO"
"997","pocitacANO"
"998","pocitacANO"
"999","pocitacANO"
"1003","pocitacANO"
"1005","pocitacANO"
"1008","pocitacANO"
"1009","pocitacANO"
"1010","pocitacANO"
"1013","pocitacANO"
"1015","pocitacANO"
"1016","pocitacANO"
"1017","pocitacANO"
"1019","pocitacANO"
"1022","pocitacANO"
"1023","pocitacANO"
"1024","pocitacANO"
"1025","pocitacANO"
"1026","pocitacANO"
"1028","pocitacANO"
"1029","pocitacANO"
"1030","pocitacANO"
"1031","pocitacANO"
"1032","pocitacANO"
"1033","pocitacANO"
"1034","pocitacANO"
"1035","pocitacANO"
"1036","pocitacANO"
"1037","pocitacANO"
"1038","pocitacANO"
"1041","pocitacANO"
"1042","pocitacANO"
"1046","pocitacANO"
"1048","pocitacANO"
"1052","pocitacANO"
"1053","pocitacANO"
"1055","pocitacANO"
"1056","pocitacANO"
"1057","pocitacANO"
"1062","pocitacANO"
"1065","pocitacANO"
"1066","pocitacANO"
"1067","pocitacANO"
"1068","pocitacANO"
"1071","pocitacANO"
"1073","pocitacANO"
"1075","pocitacANO"
"1077","pocitacANO"
"1079","pocitacANO"
"1080","pocitacANO"
"1081","pocitacANO"
"1082","pocitacANO"
"1083","pocitacANO"
"1084","pocitacANO"
"1086","pocitacANO"
"1088","pocitacANO"
"1089","pocitacANO"
"1090","pocitacANO"
"1092","pocitacANO"
"1096","pocitacANO"
"1097","pocitacANO"
"1098","pocitacANO"
"1100","pocitacANO"
"1101","pocitacANO"
"1102","pocitacANO"
"1103","pocitacANO"
"1104","pocitacANO"
"1107","pocitacANO"
"1108","pocitacANO"
"1109","pocitacANO"
"1110","pocitacANO"
"1111","pocitacANO"
"1112","pocitacANO"
"1113","pocitacANO"
"1114","pocitacANO"
"1115","pocitacANO"
"1117","pocitacANO"
"1118","pocitacANO"
"1120","pocitacANO"
"1121","pocitacANO"
"1122","pocitacANO"
"1123","pocitacANO"
"1125","pocitacANO"
"1126","pocitacANO"
"1127","pocitacANO"
"1128","pocitacANO"
"1130","pocitacANO"
"1131","pocitacANO"
"1133","pocitacANO"
"1135","pocitacANO"
"1137","pocitacANO"
"1138","pocitacANO"
"1139","pocitacANO"
"1140","pocitacANO"
"1141","pocitacANO"
"1142","pocitacANO"
"1144","pocitacANO"
"1145","pocitacANO"
"1146","pocitacANO"
"1147","pocitacANO"
"1148","pocitacANO"
"1149","pocitacANO"
"1150","pocitacANO"
"1154","pocitacANO"
"1155","pocitacANO"
"1157","pocitacANO"
"1159","pocitacANO"
"1161","pocitacANO"
"1162","pocitacANO"
"1163","pocitacANO"
"1164","pocitacANO"
"1166","pocitacANO"
"1168","pocitacANO"
"1169","pocitacANO"
"1170","pocitacANO"
"1171","pocitacANO"
"1174","pocitacANO"
"1175","pocitacANO"
"1176","pocitacANO"
"1179","pocitacANO"
"1180","pocitacANO"
"1182","pocitacANO"
"1183","pocitacANO"
"1185","pocitacANO"
"1186","pocitacANO"
"1187","pocitacANO"
"1188","pocitacANO"
"1190","pocitacANO"
"1191","pocitacANO"
"1192","pocitacANO"
"1193","pocitacANO"
"1195","pocitacANO"
"1198","pocitacANO"
"1199","pocitacANO"
"1200","pocitacANO"
"1201","pocitacANO"
"1203","pocitacANO"
"1204","pocitacANO"
"1205","pocitacANO"
"1206","pocitacANO"
"1208","pocitacANO"
"1209","pocitacANO"
"1211","pocitacANO"
"1212","pocitacANO"
"1213","pocitacANO"
"1214","pocitacANO"
"1216","pocitacANO"
"1218","pocitacANO"
"1219","pocitacANO"
"1221","pocitacANO"
"1222","pocitacANO"
"1223","pocitacANO"
"1227","pocitacANO"
"1229","pocitacANO"
"1230","pocitacANO"
"1232","pocitacANO"
"1235","pocitacANO"
"1236","pocitacANO"
"1237","pocitacANO"
"1238","pocitacANO"
"1239","pocitacANO"
"1241","pocitacANO"
"1246","pocitacANO"
"1247","pocitacANO"
"1248","pocitacANO"
"1250","pocitacANO"
"1251","pocitacANO"
"1253","pocitacANO"
"1255","pocitacANO"
"1259","pocitacANO"
"1260","pocitacANO"
"1261","pocitacANO"
"1263","pocitacANO"
"1264","pocitacANO"
"1265","pocitacANO"
"1266","pocitacANO"
"1267","pocitacANO"
"1268","pocitacANO"
"1269","pocitacANO"
"1270","pocitacANO"
"1272","pocitacANO"
"1273","pocitacANO"
"1274","pocitacANO"
"1275","pocitacANO"
"1277","pocitacANO"
"1278","pocitacANO"
"1280","pocitacANO"
"1281","pocitacANO"
"1284","pocitacANO"
"1286","pocitacANO"
"1288","pocitacANO"
"1289","pocitacANO"
"1291","pocitacANO"
"1292","pocitacANO"
"1293","pocitacANO"
"1294","pocitacANO"
"1295","pocitacANO"
"1296","pocitacANO"
"1297","pocitacANO"
"1298","pocitacANO"
"1299","pocitacANO"
"1300","pocitacANO"
"1301","pocitacANO"
"1302","pocitacANO"
"1303","pocitacANO"
"1304","pocitacANO"
"1305","pocitacANO"
"1306","pocitacANO"
"1307","pocitacANO"
"1308","pocitacANO"
"1309","pocitacANO"
"1310","pocitacANO"
"1312","pocitacANO"
"1313","pocitacANO"
"1314","pocitacANO"
"1315","pocitacANO"
"1316","pocitacANO"
"1317","pocitacANO"
"1318","pocitacANO"
"1319","pocitacANO"
"1320","pocitacANO"
"1322","pocitacANO"
"1324","pocitacANO"
"1325","pocitacANO"
"1328","pocitacANO"
"1331","pocitacANO"
"1332","pocitacANO"
"1334","pocitacANO"
"1337","pocitacANO"
"1338","pocitacANO"
"1339","pocitacANO"
"1340","pocitacANO"
"1342","pocitacANO"
"1343","pocitacANO"
"1345","pocitacANO"
"1346","pocitacANO"
"1347","pocitacANO"
"1348","pocitacANO"
"1350","pocitacANO"
"1351","pocitacANO"
"1352","pocitacANO"
"1353","pocitacANO"
"1354","pocitacANO"
"1355","pocitacANO"
"1356","pocitacANO"
"1357","pocitacANO"
"1358","pocitacANO"
"1359","pocitacANO"
"1360","pocitacANO"
"1361","pocitacANO"
"1362","pocitacANO"
"1365","pocitacANO"
"1366","pocitacANO"
"1368","pocitacANO"
"1369","pocitacANO"
"1371","pocitacANO"
"1373","pocitacANO"
"1374","pocitacANO"
"1375","pocitacANO"
"1377","pocitacANO"
"1378","pocitacANO"
"1380","pocitacANO"
"1382","pocitacANO"
"1387","pocitacANO"
"1391","pocitacANO"
"1392","pocitacANO"
"1394","pocitacANO"
"1396","pocitacANO"
"1397","pocitacANO"
"1398","pocitacANO"
"1399","pocitacANO"
"1402","pocitacANO"
"1403","pocitacANO"
"1404","pocitacANO"
"1405","pocitacANO"
"1406","pocitacANO"
"1407","pocitacANO"
"1408","pocitacANO"
"1409","pocitacANO"
"1410","pocitacANO"
"1411","pocitacANO"
"1412","pocitacANO"
"1415","pocitacANO"
"1416","pocitacANO"
"1418","pocitacANO"
"1420","pocitacANO"
"1423","pocitacANO"
"1426","pocitacANO"
"1427","pocitacANO"
"1428","pocitacANO"
"1429","pocitacANO"
"1431","pocitacANO"
"1432","pocitacANO"
"1433","pocitacANO"
"1435","pocitacANO"
"1437","pocitacANO"
"1438","pocitacANO"
"1439","pocitacANO"
"1441","pocitacANO"
"1442","pocitacANO"
"1444","pocitacANO"
"1445","pocitacANO"
"1446","pocitacANO"
"1447","pocitacANO"
"1448","pocitacANO"
"1451","pocitacANO"
"1452","pocitacANO"
"1453","pocitacANO"
"1454","pocitacANO"
"1455","pocitacANO"
"1456","pocitacANO"
"1457","pocitacANO"
"1462","pocitacANO"
"1463","pocitacANO"
"1464","pocitacANO"
"1465","pocitacANO"
"1466","pocitacANO"
"1467","pocitacANO"
"1468","pocitacANO"
"1469","pocitacANO"
"1471","pocitacANO"
"1472","pocitacANO"
"1473","pocitacANO"
"1474","pocitacANO"
"1475","pocitacANO"
"1476","pocitacANO"
"1477","pocitacANO"
"1478","pocitacANO"
"1479","pocitacANO"
"1480","pocitacANO"
"1481","pocitacANO"
"1484","pocitacANO"
"1486","pocitacANO"
"1487","pocitacANO"
"1488","pocitacANO"
"1489","pocitacANO"
"1490","pocitacANO"
"1493","pocitacANO"
"1495","pocitacANO"
"1499","pocitacANO"
"1500","pocitacANO"
"1501","pocitacANO"
"1503","pocitacANO"
"1504","pocitacANO"
"1505","pocitacANO"
"1506","pocitacANO"
"1508","pocitacANO"
"1509","pocitacANO"
"1511","pocitacANO"
"1512","pocitacANO"
"1514","pocitacANO"
"1515","pocitacANO"
"1516","pocitacANO"
"1518","pocitacANO"
"1519","pocitacANO"
"1521","pocitacANO"
"1523","pocitacANO"
"1524","pocitacANO"
"1525","pocitacANO"
"1526","pocitacANO"
"1528","pocitacANO"
"1529","pocitacANO"
"1530","pocitacANO"
"1533","pocitacANO"
"1534","pocitacANO"
"1535","pocitacANO"
"1537","pocitacANO"
"1538","pocitacANO"
"1539","pocitacANO"
"1540","pocitacANO"
"1541","pocitacANO"
"1543","pocitacANO"
"1545","pocitacANO"
"1546","pocitacANO"
"1547","pocitacANO"
"1548","pocitacANO"
"1549","pocitacANO"
"1550","pocitacANO"
"1552","pocitacANO"
"1553","pocitacANO"
"1555","pocitacANO"
"1556","pocitacANO"
"1558","pocitacANO"
"1560","pocitacANO"
"1561","pocitacANO"
"1562","pocitacANO"
"1563","pocitacANO"
"1564","pocitacANO"
"1566","pocitacANO"
"1567","pocitacANO"
"1569","pocitacANO"
"1573","pocitacANO"
"1574","pocitacANO"
"1575","pocitacANO"
"1576","pocitacANO"
"1577","pocitacANO"
"1578","pocitacANO"
"1579","pocitacANO"
"1580","pocitacANO"
"1582","pocitacANO"
"1583","pocitacANO"
"1584","pocitacANO"
"1586","pocitacANO"
"1588","pocitacANO"
"1589","pocitacANO"
"1590","pocitacANO"
"1591","pocitacANO"
"1592","pocitacANO"
"1593","pocitacANO"
"1594","pocitacANO"
"1595","pocitacANO"
"1597","pocitacANO"
"1598","pocitacANO"
"1599","pocitacANO"
"1600","pocitacANO"
"1601","pocitacANO"
"1602","pocitacANO"
"1603","pocitacANO"
"1604","pocitacANO"
"1605","pocitacANO"
"1606","pocitacANO"
"1608","pocitacANO"
"1610","pocitacANO"
"1613","pocitacANO"
"1614","pocitacANO"
"1615","pocitacANO"
"1616","pocitacANO"
"1619","pocitacANO"
"1621","pocitacANO"
"1622","pocitacANO"
"1624","pocitacANO"
"1625","pocitacANO"
"1626","pocitacANO"
"1628","pocitacANO"
"1629","pocitacANO"
"1630","pocitacANO"
"1631","pocitacANO"
"1633","pocitacANO"
"1634","pocitacANO"
"1639","pocitacANO"
"1640","pocitacANO"
"1641","pocitacANO"
"1643","pocitacANO"
"1644","pocitacANO"
"1645","pocitacANO"
"1646","pocitacANO"
"1647","pocitacANO"
"1649","pocitacANO"
"1650","pocitacANO"
"1651","pocitacANO"
"1652","pocitacANO"
"1653","pocitacANO"
"1655","pocitacANO"
"1657","pocitacANO"
"1658","pocitacANO"
"1659","pocitacANO"
"1660","pocitacANO"
"1662","pocitacANO"
"1664","pocitacANO"
"1665","pocitacANO"
"1667","pocitacANO"
"1668","pocitacANO"
"1669","pocitacANO"
"1670","pocitacANO"
"1671","pocitacANO"
"1672","pocitacANO"
"1673","pocitacANO"
"1676","pocitacANO"
"1679","pocitacANO"
"1683","pocitacANO"
"1686","pocitacANO"
"1688","pocitacANO"
"1689","pocitacANO"
"1690","pocitacANO"
"1691","pocitacANO"
"1693","pocitacANO"
"1694","pocitacANO"
"1695","pocitacANO"
"1696","pocitacANO"
"1697","pocitacANO"
"1698","pocitacANO"
"1699","pocitacANO"
"1700","pocitacANO"
"1701","pocitacANO"
"1702","pocitacANO"
"1703","pocitacANO"
"1704","pocitacANO"
"1706","pocitacANO"
"1707","pocitacANO"
"1708","pocitacANO"
"1709","pocitacANO"
"1710","pocitacANO"
"1712","pocitacANO"
"1713","pocitacANO"
"1714","pocitacANO"
"1717","pocitacANO"
"1719","pocitacANO"
"1720","pocitacANO"
"1721","pocitacANO"
"1722","pocitacANO"
"1723","pocitacANO"
"1724","pocitacANO"
"1725","pocitacANO"
"1727","pocitacANO"
"1730","pocitacANO"
"1731","pocitacANO"
"1732","pocitacANO"
"1735","pocitacANO"
"1736","pocitacANO"
"1737","pocitacANO"
"1739","pocitacANO"
"1740","pocitacANO"
"1742","pocitacANO"
"1743","pocitacANO"
"1745","pocitacANO"
"1746","pocitacANO"
"1747","pocitacANO"
"1749","pocitacANO"
"1750","pocitacANO"
"1752","pocitacANO"
"1754","pocitacANO"
"1755","pocitacANO"
"1756","pocitacANO"
"1757","pocitacANO"
"1758","pocitacANO"
"1759","pocitacANO"
"1762","pocitacANO"
"1765","pocitacANO"
"1766","pocitacANO"
"1769","pocitacANO"
"1770","pocitacANO"
"1771","pocitacANO"
"1773","pocitacANO"
"1775","pocitacANO"
"1776","pocitacANO"
"1777","pocitacANO"
"1778","pocitacANO"
"1780","pocitacANO"
"1781","pocitacANO"
"1782","pocitacANO"
"1784","pocitacANO"
"1785","pocitacANO"
"1787","pocitacANO"
"1788","pocitacANO"
"1789","pocitacANO"
"1790","pocitacANO"
"1791","pocitacANO"
"1792","pocitacANO"
"1793","pocitacANO"
"1795","pocitacANO"
"1799","pocitacANO"
"1800","pocitacANO"
"1801","pocitacANO"
"1802","pocitacANO"
"1804","pocitacANO"
"1806","pocitacANO"
"1807","pocitacANO"
"1808","pocitacANO"
"1811","pocitacANO"
"1812","pocitacANO"
"1814","pocitacANO"
"1815","pocitacANO"
"1816","pocitacANO"
"1817","pocitacANO"
"1818","pocitacANO"
"1820","pocitacANO"
"1821","pocitacANO"
"1822","pocitacANO"
"1824","pocitacANO"
"1825","pocitacANO"
"1826","pocitacANO"
"1829","pocitacANO"
"1830","pocitacANO"
"1832","pocitacANO"
"1833","pocitacANO"
"1834","pocitacANO"
"1835","pocitacANO"
"1836","pocitacANO"
"1838","pocitacANO"
"1839","pocitacANO"
"1840","pocitacANO"
"1841","pocitacANO"
"1842","pocitacANO"
"1844","pocitacANO"
"1845","pocitacANO"
"1846","pocitacANO"
"1847","pocitacANO"
"1848","pocitacANO"
"1849","pocitacANO"
"1854","pocitacANO"
"1857","pocitacANO"
"1858","pocitacANO"
"1859","pocitacANO"
"1860","pocitacANO"
"1861","pocitacANO"
"1862","pocitacANO"
"1863","pocitacANO"
"1864","pocitacANO"
"1866","pocitacANO"
"1867","pocitacANO"
"1868","pocitacANO"
"1870","pocitacANO"
"1872","pocitacANO"
"1873","pocitacANO"
"1874","pocitacANO"
"1875","pocitacANO"
"1876","pocitacANO"
"1877","pocitacANO"
"1879","pocitacANO"
"1880","pocitacANO"
"1881","pocitacANO"
"1882","pocitacANO"
"1884","pocitacANO"
"1885","pocitacANO"
"1887","pocitacANO"
"1888","pocitacANO"
"1889","pocitacANO"
"1890","pocitacANO"
"1891","pocitacANO"
"1892","pocitacANO"
"1893","pocitacANO"
"1894","pocitacANO"
"1895","pocitacANO"
"1897","pocitacANO"
"1898","pocitacANO"
"1899","pocitacANO"
"1900","pocitacANO"
"1902","pocitacANO"
"1903","pocitacANO"
"1904","pocitacANO"
"1905","pocitacANO"
"1906","pocitacANO"
"1908","pocitacANO"
"1909","pocitacANO"
"1910","pocitacANO"
"1911","pocitacANO"
"1912","pocitacANO"
"1913","pocitacANO"
"1916","pocitacANO"
"1917","pocitacANO"
"1918","pocitacANO"
"1919","pocitacANO"
"1920","pocitacANO"
"1922","pocitacANO"
"1923","pocitacANO"
"1924","pocitacANO"
"1927","pocitacANO"
"1928","pocitacANO"
"1929","pocitacANO"
"1930","pocitacANO"
"1932","pocitacANO"
"1933","pocitacANO"
"1934","pocitacANO"
"1935","pocitacANO"
"1936","pocitacANO"
"1937","pocitacANO"
"1938","pocitacANO"
"1939","pocitacANO"
"1940","pocitacANO"
"1941","pocitacANO"
"1944","pocitacANO"
"1945","pocitacANO"
"1946","pocitacANO"
"1947","pocitacANO"
"1948","pocitacANO"
"1949","pocitacANO"
"1950","pocitacANO"
"1951","pocitacANO"
"1953","pocitacANO"
"1954","pocitacANO"
"1955","pocitacANO"
"1956","pocitacANO"
"1960","pocitacANO"
"1961","pocitacANO"
"1965","pocitacANO"
"1966","pocitacANO"
"1967","pocitacANO"
"1968","pocitacANO"
"1969","pocitacANO"
"1974","pocitacANO"
"1975","pocitacANO"
"1976","pocitacANO"
"1979","pocitacANO"
"1980","pocitacANO"
"1981","pocitacANO"
"1982","pocitacANO"
"1984","pocitacANO"
"1985","pocitacANO"
"1986","pocitacANO"
"1987","pocitacANO"
"1990","pocitacANO"
"1992","pocitacANO"
"1993","pocitacANO"
"1994","pocitacANO"
"1995","pocitacANO"
"1996","pocitacANO"
"1997","pocitacANO"
"1998","pocitacANO"
"2000","pocitacANO"
"2001","pocitacANO"
"2002","pocitacANO"
"2003","pocitacANO"
"2005","pocitacANO"
"2006","pocitacANO"
"2009","pocitacANO"
"2010","pocitacANO"
"2011","pocitacANO"
"2012","pocitacANO"
"2013","pocitacANO"
"2014","pocitacANO"
"2015","pocitacANO"
"2017","pocitacANO"
"2018","pocitacANO"
"2019","pocitacANO"
"2020","pocitacANO"
"2021","pocitacANO"
"2022","pocitacANO"
"2023","pocitacANO"
"2024","pocitacANO"
"2025","pocitacANO"
"2027","pocitacANO"
"2029","pocitacANO"
"2030","pocitacANO"
"2031","pocitacANO"
"2032","pocitacANO"
"2033","pocitacANO"
"2034","pocitacANO"
"2036","pocitacANO"
"2037","pocitacANO"
"2038","pocitacANO"
"2039","pocitacANO"
"2041","pocitacANO"
"2043","pocitacANO"
"2044","pocitacANO"
"2045","pocitacANO"
"2047","pocitacANO"
"2048","pocitacANO"
"2053","pocitacANO"
"2054","pocitacANO"
"2055","pocitacANO"
"2060","pocitacANO"
"2061","pocitacANO"
"2062","pocitacANO"
"2063","pocitacANO"
"2064","pocitacANO"
"2066","pocitacANO"
"2067","pocitacANO"
"2068","pocitacANO"
"2069","pocitacANO"
"2070","pocitacANO"
"2072","pocitacANO"
"2074","pocitacANO"
"2075","pocitacANO"
"2078","pocitacANO"
"2079","pocitacANO"
"2080","pocitacANO"
"2081","pocitacANO"
"2082","pocitacANO"
"2083","pocitacANO"
"2085","pocitacANO"
"2086","pocitacANO"
"2089","pocitacANO"
"2090","pocitacANO"
"2091","pocitacANO"
"2092","pocitacANO"
"2093","pocitacANO"
"2094","pocitacANO"
"2096","pocitacANO"
"2097","pocitacANO"
"2098","pocitacANO"
"2100","pocitacANO"
"2101","pocitacANO"
"2103","pocitacANO"
"2106","pocitacANO"
"2109","pocitacANO"
"2111","pocitacANO"
"2115","pocitacANO"
"2117","pocitacANO"
"2118","pocitacANO"
"2119","pocitacANO"
"2120","pocitacANO"
"2121","pocitacANO"
"2122","pocitacANO"
"2123","pocitacANO"
"2128","pocitacANO"
"2129","pocitacANO"
"2130","pocitacANO"
"2133","pocitacANO"
"2134","pocitacANO"
"2135","pocitacANO"
"2137","pocitacANO"
"2138","pocitacANO"
"2139","pocitacANO"
"2140","pocitacANO"
"2142","pocitacANO"
"2143","pocitacANO"
"2144","pocitacANO"
"2146","pocitacANO"
"2147","pocitacANO"
"2148","pocitacANO"
"2149","pocitacANO"
"2150","pocitacANO"
"2153","pocitacANO"
"2154","pocitacANO"
"2155","pocitacANO"
"2157","pocitacANO"
"2159","pocitacANO"
"2160","pocitacANO"
"2163","pocitacANO"
"2164","pocitacANO"
"2165","pocitacANO"
"2166","pocitacANO"
"2167","pocitacANO"
"2168","pocitacANO"
"2169","pocitacANO"
"2170","pocitacANO"
"2172","pocitacANO"
"2173","pocitacANO"
"2174","pocitacANO"
"2175","pocitacANO"
"2176","pocitacANO"
"2177","pocitacANO"
"2178","pocitacANO"
"2179","pocitacANO"
"2180","pocitacANO"
"2184","pocitacANO"
"2185","pocitacANO"
"2187","pocitacANO"
"2188","pocitacANO"
"2189","pocitacANO"
"2190","pocitacANO"
"2191","pocitacANO"
"2192","pocitacANO"
"2193","pocitacANO"
"2194","pocitacANO"
"2196","pocitacANO"
"2197","pocitacANO"
"2198","pocitacANO"
"2199","pocitacANO"
"2201","pocitacANO"
"2204","pocitacANO"
"2205","pocitacANO"
"2206","pocitacANO"
"2207","pocitacANO"
"2208","pocitacANO"
"2210","pocitacANO"
"2212","pocitacANO"
"2213","pocitacANO"
"2215","pocitacANO"
"2216","pocitacANO"
"2217","pocitacANO"
"2219","pocitacANO"
"2220","pocitacANO"
"2221","pocitacANO"
"2222","pocitacANO"
"2224","pocitacANO"
"2225","pocitacANO"
"2226","pocitacANO"
"2227","pocitacANO"
"2228","pocitacANO"
"2229","pocitacANO"
"2230","pocitacANO"
"2231","pocitacANO"
"2233","pocitacANO"
"2234","pocitacANO"
"2237","pocitacANO"
"2238","pocitacANO"
"2239","pocitacANO"
"2240","pocitacANO"
"2241","pocitacANO"
"2243","pocitacANO"
"2244","pocitacANO"
"2245","pocitacANO"
"2247","pocitacANO"
"2250","pocitacANO"
"2253","pocitacANO"
"2255","pocitacANO"
"2256","pocitacANO"
"2257","pocitacANO"
"2258","pocitacANO"
"2260","pocitacANO"
"2261","pocitacANO"
"2262","pocitacANO"
"2263","pocitacANO"
"2264","pocitacANO"
"2265","pocitacANO"
"2267","pocitacANO"
"2269","pocitacANO"
"2270","pocitacANO"
"2273","pocitacANO"
"2274","pocitacANO"
"2275","pocitacANO"
"2276","pocitacANO"
"2277","pocitacANO"
"2278","pocitacANO"
"2279","pocitacANO"
"2280","pocitacANO"
"2281","pocitacANO"
"2282","pocitacANO"
"2285","pocitacANO"
"2286","pocitacANO"
"2287","pocitacANO"
"2288","pocitacANO"
"2289","pocitacANO"
"2292","pocitacANO"
"2294","pocitacANO"
"2295","pocitacANO"
"2297","pocitacANO"
"2298","pocitacANO"
"2299","pocitacANO"
"2302","pocitacANO"
"2303","pocitacANO"
"2306","pocitacANO"
"2308","pocitacANO"
"2310","pocitacANO"
"2311","pocitacANO"
"2312","pocitacANO"
"2315","pocitacANO"
"2316","pocitacANO"
"2322","pocitacANO"
"2323","pocitacANO"
"2324","pocitacANO"
"2325","pocitacANO"
"2326","pocitacANO"
"2327","pocitacANO"
"2329","pocitacANO"
"2330","pocitacANO"
"2331","pocitacANO"
"2332","pocitacANO"
"2333","pocitacANO"
"2334","pocitacANO"
"2335","pocitacANO"
"2336","pocitacANO"
"2338","pocitacANO"
"2339","pocitacANO"
"2341","pocitacANO"
"2342","pocitacANO"
"2343","pocitacANO"
"2344","pocitacANO"
"2345","pocitacANO"
"2346","pocitacANO"
"2347","pocitacANO"
"2348","pocitacANO"
"2350","pocitacANO"
"2353","pocitacANO"
"2354","pocitacANO"
"2355","pocitacANO"
"2356","pocitacANO"
"2358","pocitacANO"
"2359","pocitacANO"
"2360","pocitacANO"
"2361","pocitacANO"
"2362","pocitacANO"
"2365","pocitacANO"
"2368","pocitacANO"
"2369","pocitacANO"
"2371","pocitacANO"
"2372","pocitacANO"
"2375","pocitacANO"
"2376","pocitacANO"
"2377","pocitacANO"
"2379","pocitacANO"
"2381","pocitacANO"
"2383","pocitacANO"
"2384","pocitacANO"
"2386","pocitacANO"
"2387","pocitacANO"
"2388","pocitacANO"
"2389","pocitacANO"
"2394","pocitacANO"
"2396","pocitacANO"
"2398","pocitacANO"
"2399","pocitacANO"
"2400","pocitacANO"
"2402","pocitacANO"
"2403","pocitacANO"
"2405","pocitacANO"
"2406","pocitacANO"
"2407","pocitacANO"
"2408","pocitacANO"
"2409","pocitacANO"
"2411","pocitacANO"
"2412","pocitacANO"
"2414","pocitacANO"
"2415","pocitacANO"
"2416","pocitacANO"
"2418","pocitacANO"
"2419","pocitacANO"
"2420","pocitacANO"
"2421","pocitacANO"
"2423","pocitacANO"
"2424","pocitacANO"
"2425","pocitacANO"
"2427","pocitacANO"
"2428","pocitacANO"
"2429","pocitacANO"
"2430","pocitacANO"
"2431","pocitacANO"
"2432","pocitacANO"
"2435","pocitacANO"
"2436","pocitacANO"
"2437","pocitacANO"
"2438","pocitacANO"
"2439","pocitacANO"
"2440","pocitacANO"
"2442","pocitacANO"
"2443","pocitacANO"
"2444","pocitacANO"
"2446","pocitacANO"
"2447","pocitacANO"
"2448","pocitacANO"
"2449","pocitacANO"
"2450","pocitacANO"
"2452","pocitacANO"
"2453","pocitacANO"
"2454","pocitacANO"
"2455","pocitacANO"
"2456","pocitacANO"
"2457","pocitacANO"
"2459","pocitacANO"
"2461","pocitacANO"
"2462","pocitacANO"
"2463","pocitacANO"
"2466","pocitacANO"
"2467","pocitacANO"
"2468","pocitacANO"
"2470","pocitacANO"
"2471","pocitacANO"
"2472","pocitacANO"
"2474","pocitacANO"
"2477","pocitacANO"
"2482","pocitacANO"
"2483","pocitacANO"
"2486","pocitacANO"
"2487","pocitacANO"
"2489","pocitacANO"
"2491","pocitacANO"
"2493","pocitacANO"
"2494","pocitacANO"
"2496","pocitacANO"
"2498","pocitacANO"
"2499","pocitacANO"
"2500","pocitacANO"
"2501","pocitacANO"
"2502","pocitacANO"
"2503","pocitacANO"
"2504","pocitacANO"
"2506","pocitacANO"
"2507","pocitacANO"
"2508","pocitacANO"
"2509","pocitacANO"
"2511","pocitacANO"
"2516","pocitacANO"
"2521","pocitacANO"
"2522","pocitacANO"
"2524","pocitacANO"
"2525","pocitacANO"
"2527","pocitacANO"
"2531","pocitacANO"
"2532","pocitacANO"
"2533","pocitacANO"
"2534","pocitacANO"
"2535","pocitacANO"
"2536","pocitacANO"
"2537","pocitacANO"
"2538","pocitacANO"
"2539","pocitacANO"
"2540","pocitacANO"
"2541","pocitacANO"
"2542","pocitacANO"
"2544","pocitacANO"
"2545","pocitacANO"
"2546","pocitacANO"
"2547","pocitacANO"
"2550","pocitacANO"
"2552","pocitacANO"
"2554","pocitacANO"
"2556","pocitacANO"
"2557","pocitacANO"
"2559","pocitacANO"
"2561","pocitacANO"
"2562","pocitacANO"
"2563","pocitacANO"
"2564","pocitacANO"
"2566","pocitacANO"
"2568","pocitacANO"
"2570","pocitacANO"
"2571","pocitacANO"
"2572","pocitacANO"
"2574","pocitacANO"
"2575","pocitacANO"
"2576","pocitacANO"
"2577","pocitacANO"
"2578","pocitacANO"
"2579","pocitacANO"
"2580","pocitacANO"
"2581","pocitacANO"
"2582","pocitacANO"
"2583","pocitacANO"
"2586","pocitacANO"
"2587","pocitacANO"
"2588","pocitacANO"
"2590","pocitacANO"
"2591","pocitacANO"
"2592","pocitacANO"
"2593","pocitacANO"
"2596","pocitacANO"
"2598","pocitacANO"
"2599","pocitacANO"
"2600","pocitacANO"
"2601","pocitacANO"
"2602","pocitacANO"
"2605","pocitacANO"
"2606","pocitacANO"
"2607","pocitacANO"
"2609","pocitacANO"
"2613","pocitacANO"
"2614","pocitacANO"
"2615","pocitacANO"
"2616","pocitacANO"
"2617","pocitacANO"
"2618","pocitacANO"
"2619","pocitacANO"
"2620","pocitacANO"
"2621","pocitacANO"
"2623","pocitacANO"
"2624","pocitacANO"
"2626","pocitacANO"
"2627","pocitacANO"
"2629","pocitacANO"
"2630","pocitacANO"
"2632","pocitacANO"
"2633","pocitacANO"
"2634","pocitacANO"
"2635","pocitacANO"
"2637","pocitacANO"
"2639","pocitacANO"
"2640","pocitacANO"
"2643","pocitacANO"
"2644","pocitacANO"
"2645","pocitacANO"
"2646","pocitacANO"
"2648","pocitacANO"
"2649","pocitacANO"
"2650","pocitacANO"
"2651","pocitacANO"
"2652","pocitacANO"
"2654","pocitacANO"
"2656","pocitacANO"
"2658","pocitacANO"
"2659","pocitacANO"
"2660","pocitacANO"
"2662","pocitacANO"
"2663","pocitacANO"
"2664","pocitacANO"
"2665","pocitacANO"
"2666","pocitacANO"
"2669","pocitacANO"
"2670","pocitacANO"
"2671","pocitacANO"
"2672","pocitacANO"
"2673","pocitacANO"
"2674","pocitacANO"
"2675","pocitacANO"
"2676","pocitacANO"
"2678","pocitacANO"
"2679","pocitacANO"
"2680","pocitacANO"
"2681","pocitacANO"
"2686","pocitacANO"
"2687","pocitacANO"
"2688","pocitacANO"
"2690","pocitacANO"
"2691","pocitacANO"
"2692","pocitacANO"
"2693","pocitacANO"
"2694","pocitacANO"
"2695","pocitacANO"
"2698","pocitacANO"
"2699","pocitacANO"
"2700","pocitacANO"
"2701","pocitacANO"
"2702","pocitacANO"
"2703","pocitacANO"
"2707","pocitacANO"
"2712","pocitacANO"
"2713","pocitacANO"
"2714","pocitacANO"
"2715","pocitacANO"
"2716","pocitacANO"
"2717","pocitacANO"
"2718","pocitacANO"
"2719","pocitacANO"
"2720","pocitacANO"
"2721","pocitacANO"
"2722","pocitacANO"
"2723","pocitacANO"
"2724","pocitacANO"
"2727","pocitacANO"
"2729","pocitacANO"
"2730","pocitacANO"
"2731","pocitacANO"
"2732","pocitacANO"
"2733","pocitacANO"
"2734","pocitacANO"
"2736","pocitacANO"
"2737","pocitacANO"
"2738","pocitacANO"
"2739","pocitacANO"
"2742","pocitacANO"
"2743","pocitacANO"
"2745","pocitacANO"
"2746","pocitacANO"
"2747","pocitacANO"
"2748","pocitacANO"
"2750","pocitacANO"
"2751","pocitacANO"
"2752","pocitacANO"
"2753","pocitacANO"
"2754","pocitacANO"
"2755","pocitacANO"
"2756","pocitacANO"
"2759","pocitacANO"
"2760","pocitacANO"
"2761","pocitacANO"
"2763","pocitacANO"
"2764","pocitacANO"
"2768","pocitacANO"
"2769","pocitacANO"
"2771","pocitacANO"
"2773","pocitacANO"
"2774","pocitacANO"
"2776","pocitacANO"
"2777","pocitacANO"
"2778","pocitacANO"
"2781","pocitacANO"
"2782","pocitacANO"
"2783","pocitacANO"
"2785","pocitacANO"
"2786","pocitacANO"
"2787","pocitacANO"
"2790","pocitacANO"
"2791","pocitacANO"
"2792","pocitacANO"
"2793","pocitacANO"
"2795","pocitacANO"
"2796","pocitacANO"
"2797","pocitacANO"
"2798","pocitacANO"
"2799","pocitacANO"
"2802","pocitacANO"
"2803","pocitacANO"
"2805","pocitacANO"
"2806","pocitacANO"
"2808","pocitacANO"
"2809","pocitacANO"
"2810","pocitacANO"
"2812","pocitacANO"
"2813","pocitacANO"
"2814","pocitacANO"
"2816","pocitacANO"
"2817","pocitacANO"
"2818","pocitacANO"
"2819","pocitacANO"
"2820","pocitacANO"
"2821","pocitacANO"
"2823","pocitacANO"
"2825","pocitacANO"
"2826","pocitacANO"
"2829","pocitacANO"
"2830","pocitacANO"
"2831","pocitacANO"
"2833","pocitacANO"
"2834","pocitacANO"
"2835","pocitacANO"
"2837","pocitacANO"
"2838","pocitacANO"
"2839","pocitacANO"
"2840","pocitacANO"
"2841","pocitacANO"
"2842","pocitacANO"
"2843","pocitacANO"
"2844","pocitacANO"
"2845","pocitacANO"
"2846","pocitacANO"
"2850","pocitacANO"
"2851","pocitacANO"
"2852","pocitacANO"
"2853","pocitacANO"
"2854","pocitacANO"
"2856","pocitacANO"
"2859","pocitacANO"
"2864","pocitacANO"
"2865","pocitacANO"
"2866","pocitacANO"
"2867","pocitacANO"
"2868","pocitacANO"
"2869","pocitacANO"
"2871","pocitacANO"
"2873","pocitacANO"
"2874","pocitacANO"
"2875","pocitacANO"
"2876","pocitacANO"
"2878","pocitacANO"
"2879","pocitacANO"
"2880","pocitacANO"
"2881","pocitacANO"
"2882","pocitacANO"
"2884","pocitacANO"
"2885","pocitacANO"
"2887","pocitacANO"
"2888","pocitacANO"
"1","notebookANO"
"3","notebookANO"
"7","notebookANO"
"13","notebookANO"
"19","notebookANO"
"24","notebookANO"
"29","notebookANO"
"32","notebookANO"
"38","notebookANO"
"48","notebookANO"
"52","notebookANO"
"54","notebookANO"
"56","notebookANO"
"66","notebookANO"
"74","notebookANO"
"75","notebookANO"
"79","notebookANO"
"80","notebookANO"
"81","notebookANO"
"83","notebookANO"
"85","notebookANO"
"89","notebookANO"
"92","notebookANO"
"93","notebookANO"
"95","notebookANO"
"98","notebookANO"
"106","notebookANO"
"108","notebookANO"
"109","notebookANO"
"114","notebookANO"
"115","notebookANO"
"127","notebookANO"
"128","notebookANO"
"130","notebookANO"
"131","notebookANO"
"141","notebookANO"
"148","notebookANO"
"158","notebookANO"
"159","notebookANO"
"162","notebookANO"
"164","notebookANO"
"166","notebookANO"
"167","notebookANO"
"168","notebookANO"
"169","notebookANO"
"171","notebookANO"
"175","notebookANO"
"179","notebookANO"
"180","notebookANO"
"184","notebookANO"
"202","notebookANO"
"216","notebookANO"
"217","notebookANO"
"222","notebookANO"
"224","notebookANO"
"237","notebookANO"
"241","notebookANO"
"247","notebookANO"
"252","notebookANO"
"255","notebookANO"
"257","notebookANO"
"262","notebookANO"
"274","notebookANO"
"280","notebookANO"
"284","notebookANO"
"285","notebookANO"
"288","notebookANO"
"291","notebookANO"
"292","notebookANO"
"293","notebookANO"
"296","notebookANO"
"297","notebookANO"
"298","notebookANO"
"301","notebookANO"
"304","notebookANO"
"305","notebookANO"
"306","notebookANO"
"309","notebookANO"
"316","notebookANO"
"317","notebookANO"
"327","notebookANO"
"333","notebookANO"
"336","notebookANO"
"361","notebookANO"
"367","notebookANO"
"374","notebookANO"
"376","notebookANO"
"380","notebookANO"
"391","notebookANO"
"398","notebookANO"
"401","notebookANO"
"417","notebookANO"
"419","notebookANO"
"422","notebookANO"
"426","notebookANO"
"429","notebookANO"
"430","notebookANO"
"438","notebookANO"
"439","notebookANO"
"444","notebookANO"
"445","notebookANO"
"451","notebookANO"
"452","notebookANO"
"461","notebookANO"
"462","notebookANO"
"463","notebookANO"
"469","notebookANO"
"472","notebookANO"
"473","notebookANO"
"478","notebookANO"
"482","notebookANO"
"485","notebookANO"
"491","notebookANO"
"492","notebookANO"
"494","notebookANO"
"498","notebookANO"
"500","notebookANO"
"503","notebookANO"
"505","notebookANO"
"511","notebookANO"
"514","notebookANO"
"515","notebookANO"
"518","notebookANO"
"520","notebookANO"
"528","notebookANO"
"532","notebookANO"
"535","notebookANO"
"538","notebookANO"
"541","notebookANO"
"542","notebookANO"
"543","notebookANO"
"546","notebookANO"
"563","notebookANO"
"564","notebookANO"
"565","notebookANO"
"567","notebookANO"
"572","notebookANO"
"575","notebookANO"
"579","notebookANO"
"586","notebookANO"
"593","notebookANO"
"594","notebookANO"
"597","notebookANO"
"602","notebookANO"
"603","notebookANO"
"604","notebookANO"
"605","notebookANO"
"613","notebookANO"
"620","notebookANO"
"628","notebookANO"
"634","notebookANO"
"637","notebookANO"
"641","notebookANO"
"647","notebookANO"
"651","notebookANO"
"652","notebookANO"
"656","notebookANO"
"661","notebookANO"
"667","notebookANO"
"668","notebookANO"
"669","notebookANO"
"672","notebookANO"
"675","notebookANO"
"676","notebookANO"
"677","notebookANO"
"685","notebookANO"
"698","notebookANO"
"700","notebookANO"
"701","notebookANO"
"703","notebookANO"
"704","notebookANO"
"708","notebookANO"
"713","notebookANO"
"716","notebookANO"
"717","notebookANO"
"722","notebookANO"
"725","notebookANO"
"726","notebookANO"
"727","notebookANO"
"738","notebookANO"
"743","notebookANO"
"750","notebookANO"
"754","notebookANO"
"762","notebookANO"
"766","notebookANO"
"770","notebookANO"
"772","notebookANO"
"774","notebookANO"
"775","notebookANO"
"780","notebookANO"
"787","notebookANO"
"788","notebookANO"
"791","notebookANO"
"800","notebookANO"
"803","notebookANO"
"806","notebookANO"
"807","notebookANO"
"811","notebookANO"
"820","notebookANO"
"821","notebookANO"
"822","notebookANO"
"833","notebookANO"
"836","notebookANO"
"837","notebookANO"
"839","notebookANO"
"840","notebookANO"
"848","notebookANO"
"850","notebookANO"
"851","notebookANO"
"863","notebookANO"
"864","notebookANO"
"868","notebookANO"
"869","notebookANO"
"872","notebookANO"
"873","notebookANO"
"883","notebookANO"
"888","notebookANO"
"890","notebookANO"
"892","notebookANO"
"894","notebookANO"
"907","notebookANO"
"920","notebookANO"
"925","notebookANO"
"929","notebookANO"
"931","notebookANO"
"935","notebookANO"
"937","notebookANO"
"941","notebookANO"
"945","notebookANO"
"949","notebookANO"
"950","notebookANO"
"951","notebookANO"
"954","notebookANO"
"955","notebookANO"
"956","notebookANO"
"957","notebookANO"
"962","notebookANO"
"969","notebookANO"
"978","notebookANO"
"980","notebookANO"
"982","notebookANO"
"984","notebookANO"
"994","notebookANO"
"995","notebookANO"
"996","notebookANO"
"1001","notebookANO"
"1002","notebookANO"
"1009","notebookANO"
"1010","notebookANO"
"1012","notebookANO"
"1016","notebookANO"
"1017","notebookANO"
"1019","notebookANO"
"1025","notebookANO"
"1027","notebookANO"
"1039","notebookANO"
"1044","notebookANO"
"1049","notebookANO"
"1051","notebookANO"
"1057","notebookANO"
"1058","notebookANO"
"1060","notebookANO"
"1061","notebookANO"
"1062","notebookANO"
"1068","notebookANO"
"1070","notebookANO"
"1072","notebookANO"
"1073","notebookANO"
"1074","notebookANO"
"1080","notebookANO"
"1082","notebookANO"
"1084","notebookANO"
"1091","notebookANO"
"1093","notebookANO"
"1096","notebookANO"
"1111","notebookANO"
"1113","notebookANO"
"1114","notebookANO"
"1118","notebookANO"
"1119","notebookANO"
"1120","notebookANO"
"1122","notebookANO"
"1126","notebookANO"
"1131","notebookANO"
"1135","notebookANO"
"1137","notebookANO"
"1139","notebookANO"
"1141","notebookANO"
"1144","notebookANO"
"1145","notebookANO"
"1148","notebookANO"
"1150","notebookANO"
"1159","notebookANO"
"1160","notebookANO"
"1161","notebookANO"
"1162","notebookANO"
"1166","notebookANO"
"1168","notebookANO"
"1169","notebookANO"
"1170","notebookANO"
"1171","notebookANO"
"1178","notebookANO"
"1182","notebookANO"
"1184","notebookANO"
"1186","notebookANO"
"1196","notebookANO"
"1197","notebookANO"
"1199","notebookANO"
"1201","notebookANO"
"1210","notebookANO"
"1215","notebookANO"
"1220","notebookANO"
"1230","notebookANO"
"1232","notebookANO"
"1233","notebookANO"
"1237","notebookANO"
"1241","notebookANO"
"1247","notebookANO"
"1258","notebookANO"
"1261","notebookANO"
"1262","notebookANO"
"1263","notebookANO"
"1265","notebookANO"
"1271","notebookANO"
"1284","notebookANO"
"1285","notebookANO"
"1289","notebookANO"
"1296","notebookANO"
"1303","notebookANO"
"1304","notebookANO"
"1308","notebookANO"
"1311","notebookANO"
"1314","notebookANO"
"1319","notebookANO"
"1327","notebookANO"
"1332","notebookANO"
"1341","notebookANO"
"1342","notebookANO"
"1344","notebookANO"
"1353","notebookANO"
"1363","notebookANO"
"1364","notebookANO"
"1368","notebookANO"
"1372","notebookANO"
"1373","notebookANO"
"1376","notebookANO"
"1378","notebookANO"
"1379","notebookANO"
"1380","notebookANO"
"1386","notebookANO"
"1387","notebookANO"
"1388","notebookANO"
"1389","notebookANO"
"1398","notebookANO"
"1404","notebookANO"
"1410","notebookANO"
"1412","notebookANO"
"1414","notebookANO"
"1419","notebookANO"
"1422","notebookANO"
"1423","notebookANO"
"1427","notebookANO"
"1436","notebookANO"
"1438","notebookANO"
"1443","notebookANO"
"1444","notebookANO"
"1449","notebookANO"
"1452","notebookANO"
"1457","notebookANO"
"1462","notebookANO"
"1469","notebookANO"
"1472","notebookANO"
"1477","notebookANO"
"1478","notebookANO"
"1484","notebookANO"
"1485","notebookANO"
"1487","notebookANO"
"1490","notebookANO"
"1491","notebookANO"
"1494","notebookANO"
"1500","notebookANO"
"1510","notebookANO"
"1512","notebookANO"
"1515","notebookANO"
"1517","notebookANO"
"1518","notebookANO"
"1527","notebookANO"
"1535","notebookANO"
"1539","notebookANO"
"1542","notebookANO"
"1543","notebookANO"
"1546","notebookANO"
"1559","notebookANO"
"1562","notebookANO"
"1564","notebookANO"
"1566","notebookANO"
"1567","notebookANO"
"1569","notebookANO"
"1570","notebookANO"
"1575","notebookANO"
"1580","notebookANO"
"1585","notebookANO"
"1590","notebookANO"
"1596","notebookANO"
"1598","notebookANO"
"1608","notebookANO"
"1609","notebookANO"
"1613","notebookANO"
"1615","notebookANO"
"1618","notebookANO"
"1619","notebookANO"
"1620","notebookANO"
"1622","notebookANO"
"1624","notebookANO"
"1633","notebookANO"
"1644","notebookANO"
"1645","notebookANO"
"1646","notebookANO"
"1658","notebookANO"
"1659","notebookANO"
"1661","notebookANO"
"1663","notebookANO"
"1667","notebookANO"
"1671","notebookANO"
"1674","notebookANO"
"1684","notebookANO"
"1687","notebookANO"
"1689","notebookANO"
"1691","notebookANO"
"1699","notebookANO"
"1700","notebookANO"
"1701","notebookANO"
"1711","notebookANO"
"1714","notebookANO"
"1716","notebookANO"
"1720","notebookANO"
"1721","notebookANO"
"1724","notebookANO"
"1725","notebookANO"
"1726","notebookANO"
"1729","notebookANO"
"1731","notebookANO"
"1732","notebookANO"
"1737","notebookANO"
"1742","notebookANO"
"1743","notebookANO"
"1746","notebookANO"
"1747","notebookANO"
"1749","notebookANO"
"1751","notebookANO"
"1752","notebookANO"
"1757","notebookANO"
"1761","notebookANO"
"1764","notebookANO"
"1768","notebookANO"
"1770","notebookANO"
"1775","notebookANO"
"1778","notebookANO"
"1780","notebookANO"
"1781","notebookANO"
"1783","notebookANO"
"1785","notebookANO"
"1788","notebookANO"
"1791","notebookANO"
"1793","notebookANO"
"1794","notebookANO"
"1795","notebookANO"
"1798","notebookANO"
"1808","notebookANO"
"1809","notebookANO"
"1812","notebookANO"
"1814","notebookANO"
"1816","notebookANO"
"1819","notebookANO"
"1828","notebookANO"
"1829","notebookANO"
"1831","notebookANO"
"1836","notebookANO"
"1837","notebookANO"
"1838","notebookANO"
"1841","notebookANO"
"1843","notebookANO"
"1846","notebookANO"
"1851","notebookANO"
"1853","notebookANO"
"1855","notebookANO"
"1856","notebookANO"
"1857","notebookANO"
"1867","notebookANO"
"1869","notebookANO"
"1872","notebookANO"
"1881","notebookANO"
"1884","notebookANO"
"1886","notebookANO"
"1901","notebookANO"
"1909","notebookANO"
"1914","notebookANO"
"1926","notebookANO"
"1929","notebookANO"
"1931","notebookANO"
"1932","notebookANO"
"1939","notebookANO"
"1945","notebookANO"
"1946","notebookANO"
"1950","notebookANO"
"1956","notebookANO"
"1958","notebookANO"
"1961","notebookANO"
"1962","notebookANO"
"1970","notebookANO"
"1979","notebookANO"
"1985","notebookANO"
"1986","notebookANO"
"1989","notebookANO"
"1990","notebookANO"
"1995","notebookANO"
"1998","notebookANO"
"1999","notebookANO"
"2004","notebookANO"
"2006","notebookANO"
"2008","notebookANO"
"2010","notebookANO"
"2016","notebookANO"
"2024","notebookANO"
"2025","notebookANO"
"2028","notebookANO"
"2038","notebookANO"
"2043","notebookANO"
"2049","notebookANO"
"2051","notebookANO"
"2057","notebookANO"
"2062","notebookANO"
"2063","notebookANO"
"2066","notebookANO"
"2069","notebookANO"
"2073","notebookANO"
"2077","notebookANO"
"2092","notebookANO"
"2093","notebookANO"
"2095","notebookANO"
"2098","notebookANO"
"2103","notebookANO"
"2107","notebookANO"
"2119","notebookANO"
"2137","notebookANO"
"2144","notebookANO"
"2145","notebookANO"
"2149","notebookANO"
"2153","notebookANO"
"2159","notebookANO"
"2161","notebookANO"
"2165","notebookANO"
"2174","notebookANO"
"2176","notebookANO"
"2180","notebookANO"
"2182","notebookANO"
"2183","notebookANO"
"2185","notebookANO"
"2186","notebookANO"
"2189","notebookANO"
"2200","notebookANO"
"2204","notebookANO"
"2207","notebookANO"
"2209","notebookANO"
"2216","notebookANO"
"2223","notebookANO"
"2235","notebookANO"
"2237","notebookANO"
"2238","notebookANO"
"2240","notebookANO"
"2245","notebookANO"
"2246","notebookANO"
"2247","notebookANO"
"2250","notebookANO"
"2251","notebookANO"
"2257","notebookANO"
"2266","notebookANO"
"2268","notebookANO"
"2271","notebookANO"
"2272","notebookANO"
"2275","notebookANO"
"2290","notebookANO"
"2291","notebookANO"
"2292","notebookANO"
"2293","notebookANO"
"2296","notebookANO"
"2297","notebookANO"
"2300","notebookANO"
"2302","notebookANO"
"2304","notebookANO"
"2313","notebookANO"
"2317","notebookANO"
"2329","notebookANO"
"2330","notebookANO"
"2335","notebookANO"
"2346","notebookANO"
"2351","notebookANO"
"2355","notebookANO"
"2362","notebookANO"
"2379","notebookANO"
"2385","notebookANO"
"2386","notebookANO"
"2387","notebookANO"
"2388","notebookANO"
"2397","notebookANO"
"2404","notebookANO"
"2408","notebookANO"
"2410","notebookANO"
"2412","notebookANO"
"2413","notebookANO"
"2414","notebookANO"
"2415","notebookANO"
"2416","notebookANO"
"2432","notebookANO"
"2433","notebookANO"
"2439","notebookANO"
"2442","notebookANO"
"2443","notebookANO"
"2445","notebookANO"
"2449","notebookANO"
"2452","notebookANO"
"2456","notebookANO"
"2460","notebookANO"
"2461","notebookANO"
"2469","notebookANO"
"2476","notebookANO"
"2477","notebookANO"
"2479","notebookANO"
"2482","notebookANO"
"2489","notebookANO"
"2493","notebookANO"
"2499","notebookANO"
"2501","notebookANO"
"2503","notebookANO"
"2509","notebookANO"
"2514","notebookANO"
"2518","notebookANO"
"2520","notebookANO"
"2525","notebookANO"
"2529","notebookANO"
"2532","notebookANO"
"2541","notebookANO"
"2543","notebookANO"
"2544","notebookANO"
"2545","notebookANO"
"2553","notebookANO"
"2554","notebookANO"
"2556","notebookANO"
"2557","notebookANO"
"2559","notebookANO"
"2565","notebookANO"
"2566","notebookANO"
"2570","notebookANO"
"2571","notebookANO"
"2576","notebookANO"
"2578","notebookANO"
"2585","notebookANO"
"2589","notebookANO"
"2592","notebookANO"
"2594","notebookANO"
"2597","notebookANO"
"2601","notebookANO"
"2605","notebookANO"
"2612","notebookANO"
"2616","notebookANO"
"2629","notebookANO"
"2638","notebookANO"
"2639","notebookANO"
"2647","notebookANO"
"2649","notebookANO"
"2650","notebookANO"
"2653","notebookANO"
"2654","notebookANO"
"2657","notebookANO"
"2662","notebookANO"
"2664","notebookANO"
"2668","notebookANO"
"2669","notebookANO"
"2675","notebookANO"
"2677","notebookANO"
"2679","notebookANO"
"2680","notebookANO"
"2681","notebookANO"
"2685","notebookANO"
"2687","notebookANO"
"2688","notebookANO"
"2689","notebookANO"
"2692","notebookANO"
"2695","notebookANO"
"2696","notebookANO"
"2699","notebookANO"
"2700","notebookANO"
"2704","notebookANO"
"2707","notebookANO"
"2719","notebookANO"
"2721","notebookANO"
"2723","notebookANO"
"2726","notebookANO"
"2732","notebookANO"
"2737","notebookANO"
"2741","notebookANO"
"2749","notebookANO"
"2753","notebookANO"
"2755","notebookANO"
"2756","notebookANO"
"2757","notebookANO"
"2765","notebookANO"
"2767","notebookANO"
"2784","notebookANO"
"2791","notebookANO"
"2800","notebookANO"
"2801","notebookANO"
"2803","notebookANO"
"2805","notebookANO"
"2806","notebookANO"
"2809","notebookANO"
"2819","notebookANO"
"2824","notebookANO"
"2825","notebookANO"
"2826","notebookANO"
"2829","notebookANO"
"2834","notebookANO"
"2841","notebookANO"
"2842","notebookANO"
"2854","notebookANO"
"2856","notebookANO"
"2860","notebookANO"
"2862","notebookANO"
"2865","notebookANO"
"2868","notebookANO"
"2870","notebookANO"
"2887","notebookANO"
